[0.000000] (-) TimerEvent: {}
[0.005946] (-) JobUnselected: {'identifier': 'mml_guidance'}
[0.006280] (-) JobUnselected: {'identifier': 'sjtu_drone_control'}
[0.006477] (-) JobUnselected: {'identifier': 'sjtu_drone_description'}
[0.006640] (drive_drone) JobQueued: {'identifier': 'drive_drone', 'dependencies': OrderedDict()}
[0.006814] (sjtu_drone_bringup) JobQueued: {'identifier': 'sjtu_drone_bringup', 'dependencies': OrderedDict()}
[0.006979] (drive_drone) JobStarted: {'identifier': 'drive_drone'}
[0.109297] (-) TimerEvent: {}
[0.159059] (sjtu_drone_bringup) JobStarted: {'identifier': 'sjtu_drone_bringup'}
[0.211295] (-) TimerEvent: {}
[0.259170] (drive_drone) JobProgress: {'identifier': 'drive_drone', 'progress': 'cmake'}
[0.269519] (drive_drone) Command: {'cmd': ['/usr/bin/cmake', '/home/user/PPO_drone_Gazebo_ROS2/src/drive_drone', '-DCMAKE_INSTALL_PREFIX=/home/user/PPO_drone_Gazebo_ROS2/install/drive_drone'], 'cwd': '/home/user/PPO_drone_Gazebo_ROS2/build/drive_drone', 'env': OrderedDict({'LESSOPEN': '| /usr/bin/lesspipe %s', 'CONDA_PROMPT_MODIFIER': '(base)', 'GZ_SIM_RESOURCE_PATH': ':/home/user/PX4-Autopilot/Tools/simulation/gz/models:/home/user/PX4-Autopilot/Tools/simulation/gz/worlds', 'LANGUAGE': 'en_US:en', 'USER': 'user', 'LC_TIME': 'en_US.UTF-8', 'GZ_CONFIG_PATH': '/opt/ros/jazzy/opt/gz_sim_vendor/share/gz:/opt/ros/jazzy/opt/sdformat_vendor/share/gz:/opt/ros/jazzy/opt/gz_gui_vendor/share/gz:/opt/ros/jazzy/opt/gz_transport_vendor/share/gz:/opt/ros/jazzy/opt/gz_rendering_vendor/share/gz:/opt/ros/jazzy/opt/gz_plugin_vendor/share/gz:/opt/ros/jazzy/opt/gz_fuel_tools_vendor/share/gz:/opt/ros/jazzy/opt/gz_msgs_vendor/share/gz:/opt/ros/jazzy/opt/gz_common_vendor/share/gz', 'XDG_SESSION_TYPE': 'x11', 'CLUTTER_DISABLE_MIPMAPPED_TEXT': '1', 'SHLVL': '1', 'LD_LIBRARY_PATH': '/opt/ros/jazzy/opt/gz_sim_vendor/lib:/opt/ros/jazzy/opt/gz_sensors_vendor/lib:/opt/ros/jazzy/opt/gz_physics_vendor/lib:/opt/ros/jazzy/opt/sdformat_vendor/lib:/opt/ros/jazzy/opt/rviz_ogre_vendor/lib:/opt/ros/jazzy/lib/x86_64-linux-gnu:/opt/ros/jazzy/opt/gz_gui_vendor/lib:/opt/ros/jazzy/opt/gz_transport_vendor/lib:/opt/ros/jazzy/opt/gz_rendering_vendor/lib:/opt/ros/jazzy/opt/gz_plugin_vendor/lib:/opt/ros/jazzy/opt/gz_fuel_tools_vendor/lib:/opt/ros/jazzy/opt/gz_msgs_vendor/lib:/opt/ros/jazzy/opt/gz_common_vendor/lib:/opt/ros/jazzy/opt/gz_math_vendor/lib:/opt/ros/jazzy/opt/gz_utils_vendor/lib:/opt/ros/jazzy/opt/gz_tools_vendor/lib:/opt/ros/jazzy/opt/gz_ogre_next_vendor/lib:/opt/ros/jazzy/opt/gz_dartsim_vendor/lib:/opt/ros/jazzy/opt/gz_cmake_vendor/lib:/opt/ros/jazzy/lib', 'HOME': '/home/user', 'CONDA_SHLVL': '1', 'OLDPWD': '/home/user', 'DESKTOP_SESSION': 'ubuntu', 'ROS_PYTHON_VERSION': '3', 'GNOME_SHELL_SESSION_MODE': 'ubuntu', 'GTK_MODULES': 'gail:atk-bridge', 'LC_MONETARY': 'en_US.UTF-8', 'SYSTEMD_EXEC_PID': '3023', 'GSM_SKIP_SSH_AGENT_WORKAROUND': 'true', 'DBUS_SESSION_BUS_ADDRESS': 'unix:path=/run/user/1000/bus', 'COLORTERM': 'truecolor', '_CE_M': '', '_CONDA_ROOT': '/home/user/miniconda3', 'DEBUGINFOD_URLS': 'https://debuginfod.ubuntu.com', 'ROS_DISTRO': 'jazzy', 'GTK_IM_MODULE': 'fcitx', 'LOGNAME': 'user', '_': '/usr/bin/colcon', 'ROS_VERSION': '2', 'MEMORY_PRESSURE_WATCH': '/sys/fs/cgroup/user.slice/user-1000.slice/user@1000.service/session.slice/org.gnome.Shell@x11.service/memory.pressure', 'XDG_SESSION_CLASS': 'user', 'USERNAME': 'user', 'TERM': 'xterm-256color', 'GNOME_DESKTOP_SESSION_ID': 'this-is-deprecated', '_CE_CONDA': '', 'WINDOWPATH': '2', 'PATH': '/opt/ros/jazzy/opt/gz_msgs_vendor/bin:/opt/ros/jazzy/opt/gz_tools_vendor/bin:/opt/ros/jazzy/opt/gz_ogre_next_vendor/bin:/opt/ros/jazzy/bin:/home/user/miniconda3/bin:/home/user/miniconda3/condabin:/home/user/.local/bin:/usr/local/sbin:/usr/local/bin:/usr/sbin:/usr/bin:/sbin:/bin:/usr/games:/usr/local/games:/snap/bin:/snap/bin:/home/user/.local/bin:/home/user/.local/bin:/opt/xtensa-esp-elf/bin/:/opt/xtensa-esp-elf/bin/', 'SESSION_MANAGER': 'local/user-GL752VW:@/tmp/.ICE-unix/2975,unix/user-GL752VW:/tmp/.ICE-unix/2975', 'PAPERSIZE': 'letter', 'XDG_MENU_PREFIX': 'gnome-', 'LC_ADDRESS': 'en_US.UTF-8', 'GNOME_TERMINAL_SCREEN': '/org/gnome/Terminal/screen/bf5376a9_6cec_4815_a017_e928309a62ad', 'XDG_RUNTIME_DIR': '/run/user/1000', 'MAMBA_ROOT_PREFIX': '/home/user/micromamba', 'DISPLAY': ':1', 'LANG': 'en_US.UTF-8', 'XDG_CURRENT_DESKTOP': 'ubuntu:GNOME', 'LC_TELEPHONE': 'en_US.UTF-8', 'XMODIFIERS': '@im=fcitx', 'XDG_SESSION_DESKTOP': 'ubuntu', 'XAUTHORITY': '/run/user/1000/gdm/Xauthority', 'LS_COLORS': 'rs=0:di=01;34:ln=01;36:mh=00:pi=40;33:so=01;35:do=01;35:bd=40;33;01:cd=40;33;01:or=40;31;01:mi=00:su=37;41:sg=30;43:ca=00:tw=30;42:ow=34;42:st=37;44:ex=01;32:*.tar=01;31:*.tgz=01;31:*.arc=01;31:*.arj=01;31:*.taz=01;31:*.lha=01;31:*.lz4=01;31:*.lzh=01;31:*.lzma=01;31:*.tlz=01;31:*.txz=01;31:*.tzo=01;31:*.t7z=01;31:*.zip=01;31:*.z=01;31:*.dz=01;31:*.gz=01;31:*.lrz=01;31:*.lz=01;31:*.lzo=01;31:*.xz=01;31:*.zst=01;31:*.tzst=01;31:*.bz2=01;31:*.bz=01;31:*.tbz=01;31:*.tbz2=01;31:*.tz=01;31:*.deb=01;31:*.rpm=01;31:*.jar=01;31:*.war=01;31:*.ear=01;31:*.sar=01;31:*.rar=01;31:*.alz=01;31:*.ace=01;31:*.zoo=01;31:*.cpio=01;31:*.7z=01;31:*.rz=01;31:*.cab=01;31:*.wim=01;31:*.swm=01;31:*.dwm=01;31:*.esd=01;31:*.avif=01;35:*.jpg=01;35:*.jpeg=01;35:*.mjpg=01;35:*.mjpeg=01;35:*.gif=01;35:*.bmp=01;35:*.pbm=01;35:*.pgm=01;35:*.ppm=01;35:*.tga=01;35:*.xbm=01;35:*.xpm=01;35:*.tif=01;35:*.tiff=01;35:*.png=01;35:*.svg=01;35:*.svgz=01;35:*.mng=01;35:*.pcx=01;35:*.mov=01;35:*.mpg=01;35:*.mpeg=01;35:*.m2v=01;35:*.mkv=01;35:*.webm=01;35:*.webp=01;35:*.ogm=01;35:*.mp4=01;35:*.m4v=01;35:*.mp4v=01;35:*.vob=01;35:*.qt=01;35:*.nuv=01;35:*.wmv=01;35:*.asf=01;35:*.rm=01;35:*.rmvb=01;35:*.flc=01;35:*.avi=01;35:*.fli=01;35:*.flv=01;35:*.gl=01;35:*.dl=01;35:*.xcf=01;35:*.xwd=01;35:*.yuv=01;35:*.cgm=01;35:*.emf=01;35:*.ogv=01;35:*.ogx=01;35:*.aac=00;36:*.au=00;36:*.flac=00;36:*.m4a=00;36:*.mid=00;36:*.midi=00;36:*.mka=00;36:*.mp3=00;36:*.mpc=00;36:*.ogg=00;36:*.ra=00;36:*.wav=00;36:*.oga=00;36:*.opus=00;36:*.spx=00;36:*.xspf=00;36:*~=00;90:*#=00;90:*.bak=00;90:*.crdownload=00;90:*.dpkg-dist=00;90:*.dpkg-new=00;90:*.dpkg-old=00;90:*.dpkg-tmp=00;90:*.old=00;90:*.orig=00;90:*.part=00;90:*.rej=00;90:*.rpmnew=00;90:*.rpmorig=00;90:*.rpmsave=00;90:*.swp=00;90:*.tmp=00;90:*.ucf-dist=00;90:*.ucf-new=00;90:*.ucf-old=00;90:', 'GNOME_TERMINAL_SERVICE': ':1.109', 'SSH_AUTH_SOCK': '/run/user/1000/keyring/ssh', 'AMENT_PREFIX_PATH': '/opt/ros/jazzy', 'CONDA_PYTHON_EXE': '/home/user/miniconda3/bin/python', 'SHELL': '/bin/bash', 'LC_NAME': 'en_US.UTF-8', 'QT_ACCESSIBILITY': '1', 'GDMSESSION': 'ubuntu', 'LESSCLOSE': '/usr/bin/lesspipe %s %s', 'CONDA_DEFAULT_ENV': 'base', 'LC_MEASUREMENT': 'en_US.UTF-8', 'GPG_AGENT_INFO': '/run/user/1000/gnupg/S.gpg-agent:0:1', '_CONDA_EXE': '/home/user/miniconda3/bin/conda', 'MAMBA_EXE': '/home/user/.local/bin/micromamba', 'LC_IDENTIFICATION': 'en_US.UTF-8', 'ROS_AUTOMATIC_DISCOVERY_RANGE': 'SUBNET', 'QT_IM_MODULE': 'fcitx', 'PWD': '/home/user/PPO_drone_Gazebo_ROS2/build/drive_drone', 'TURTLEBOT3_MODEL': 'burger', 'LC_ALL': 'en_US.UTF-8', 'XDG_CONFIG_DIRS': '/etc/xdg/xdg-ubuntu:/etc/xdg', 'CONDA_EXE': '/home/user/miniconda3/bin/conda', 'XDG_DATA_DIRS': '/usr/share/ubuntu:/usr/share/gnome:/usr/local/share/:/usr/share/:/var/lib/snapd/desktop', 'QTWEBENGINE_DICTIONARIES_PATH': '/usr/share/hunspell-bdic/', 'PYTHONPATH': '/opt/ros/jazzy/lib/python3.12/site-packages', 'LC_NUMERIC': 'en_US.UTF-8', 'CONDA_PREFIX': '/home/user/miniconda3', 'LC_PAPER': 'en_US.UTF-8', 'COLCON': '1', 'MEMORY_PRESSURE_WRITE': 'c29tZSAyMDAwMDAgMjAwMDAwMAA=', 'VTE_VERSION': '7600', 'CMAKE_PREFIX_PATH': '/opt/ros/jazzy/opt/gz_sim_vendor:/opt/ros/jazzy/opt/gz_sensors_vendor:/opt/ros/jazzy/opt/gz_physics_vendor:/opt/ros/jazzy/opt/sdformat_vendor:/opt/ros/jazzy/opt/gz_gui_vendor:/opt/ros/jazzy/opt/gz_transport_vendor:/opt/ros/jazzy/opt/gz_rendering_vendor:/opt/ros/jazzy/opt/gz_plugin_vendor:/opt/ros/jazzy/opt/gz_fuel_tools_vendor:/opt/ros/jazzy/opt/gz_msgs_vendor:/opt/ros/jazzy/opt/gz_common_vendor:/opt/ros/jazzy/opt/gz_math_vendor:/opt/ros/jazzy/opt/gz_utils_vendor:/opt/ros/jazzy/opt/gz_tools_vendor:/opt/ros/jazzy/opt/gz_ogre_next_vendor:/opt/ros/jazzy/opt/gz_dartsim_vendor:/opt/ros/jazzy/opt/gz_cmake_vendor:/opt/ros/jazzy'}), 'shell': False}
[0.317502] (-) TimerEvent: {}
[0.426459] (-) TimerEvent: {}
[0.522563] (drive_drone) StdoutLine: {'line': b'-- Found ament_cmake: 2.5.5 (/opt/ros/jazzy/share/ament_cmake/cmake)\n'}
[0.534297] (-) TimerEvent: {}
[0.635344] (-) TimerEvent: {}
[0.742713] (-) TimerEvent: {}
[0.844364] (-) TimerEvent: {}
[0.948323] (-) TimerEvent: {}
[1.053267] (-) TimerEvent: {}
[1.154359] (-) TimerEvent: {}
[1.256312] (-) TimerEvent: {}
[1.362725] (-) TimerEvent: {}
[1.464863] (-) TimerEvent: {}
[1.572755] (-) TimerEvent: {}
[1.674334] (-) TimerEvent: {}
[1.777971] (-) TimerEvent: {}
[1.880773] (-) TimerEvent: {}
[1.984270] (-) TimerEvent: {}
[2.090792] (-) TimerEvent: {}
[2.201249] (-) TimerEvent: {}
[2.304731] (-) TimerEvent: {}
[2.406761] (-) TimerEvent: {}
[2.511541] (-) TimerEvent: {}
[2.622131] (-) TimerEvent: {}
[2.726590] (-) TimerEvent: {}
[2.829847] (-) TimerEvent: {}
[2.934787] (-) TimerEvent: {}
[3.039444] (-) TimerEvent: {}
[3.061087] (drive_drone) StdoutLine: {'line': b'-- Override CMake install command with custom implementation using symlinks instead of copying resources\n'}
[3.139693] (-) TimerEvent: {}
[3.154055] (drive_drone) StdoutLine: {'line': b'-- Found rclcpp: 28.1.16 (/opt/ros/jazzy/share/rclcpp/cmake)\n'}
[3.239872] (-) TimerEvent: {}
[3.344922] (-) TimerEvent: {}
[3.449904] (-) TimerEvent: {}
[3.531755] (drive_drone) StdoutLine: {'line': b'-- Found rosidl_generator_c: 4.6.7 (/opt/ros/jazzy/share/rosidl_generator_c/cmake)\n'}
[3.550259] (-) TimerEvent: {}
[3.656818] (-) TimerEvent: {}
[3.762903] (-) TimerEvent: {}
[3.780868] (drive_drone) StdoutLine: {'line': b'-- Found rosidl_generator_cpp: 4.6.7 (/opt/ros/jazzy/share/rosidl_generator_cpp/cmake)\n'}
[3.873378] (-) TimerEvent: {}
[3.993543] (-) TimerEvent: {}
[3.995330] (drive_drone) StdoutLine: {'line': b'-- Using all available rosidl_typesupport_c: rosidl_typesupport_fastrtps_c;rosidl_typesupport_introspection_c\n'}
[4.094319] (-) TimerEvent: {}
[4.183993] (drive_drone) StdoutLine: {'line': b'-- Using all available rosidl_typesupport_cpp: rosidl_typesupport_fastrtps_cpp;rosidl_typesupport_introspection_cpp\n'}
[4.195634] (-) TimerEvent: {}
[4.305367] (-) TimerEvent: {}
[4.418122] (-) TimerEvent: {}
[4.520506] (-) TimerEvent: {}
[4.624747] (-) TimerEvent: {}
[4.731233] (-) TimerEvent: {}
[4.833621] (-) TimerEvent: {}
[4.939506] (-) TimerEvent: {}
[5.050424] (-) TimerEvent: {}
[5.154303] (-) TimerEvent: {}
[5.255076] (-) TimerEvent: {}
[5.360652] (-) TimerEvent: {}
[5.399956] (drive_drone) StdoutLine: {'line': b'-- Found rmw_implementation_cmake: 7.3.3 (/opt/ros/jazzy/share/rmw_implementation_cmake/cmake)\n'}
[5.425812] (drive_drone) StdoutLine: {'line': b'-- Found rmw_fastrtps_cpp: 8.4.3 (/opt/ros/jazzy/share/rmw_fastrtps_cpp/cmake)\n'}
[5.464424] (-) TimerEvent: {}
[5.565636] (-) TimerEvent: {}
[5.677122] (-) TimerEvent: {}
[5.784386] (-) TimerEvent: {}
[5.915292] (-) TimerEvent: {}
[6.019906] (-) TimerEvent: {}
[6.126424] (-) TimerEvent: {}
[6.233283] (-) TimerEvent: {}
[6.338282] (-) TimerEvent: {}
[6.445472] (-) TimerEvent: {}
[6.548640] (-) TimerEvent: {}
[6.571823] (drive_drone) StdoutLine: {'line': b"-- Using RMW implementation 'rmw_fastrtps_cpp' as default\n"}
[6.649764] (-) TimerEvent: {}
[6.752193] (-) TimerEvent: {}
[6.854286] (-) TimerEvent: {}
[6.958475] (-) TimerEvent: {}
[7.072494] (-) TimerEvent: {}
[7.178490] (-) TimerEvent: {}
[7.282680] (-) TimerEvent: {}
[7.383658] (-) TimerEvent: {}
[7.486382] (-) TimerEvent: {}
[7.589921] (-) TimerEvent: {}
[7.642303] (drive_drone) StdoutLine: {'line': b'-- Found geometry_msgs: 5.3.6 (/opt/ros/jazzy/share/geometry_msgs/cmake)\n'}
[7.690363] (-) TimerEvent: {}
[7.802192] (-) TimerEvent: {}
[7.916312] (-) TimerEvent: {}
[8.017580] (-) TimerEvent: {}
[8.126893] (-) TimerEvent: {}
[8.142857] (drive_drone) StdoutLine: {'line': b'-- Found sensor_msgs: 5.3.6 (/opt/ros/jazzy/share/sensor_msgs/cmake)\n'}
[8.233005] (-) TimerEvent: {}
[8.342904] (-) TimerEvent: {}
[8.448824] (-) TimerEvent: {}
[8.550418] (-) TimerEvent: {}
[8.606126] (drive_drone) StdoutLine: {'line': b'-- Found nav_msgs: 5.3.6 (/opt/ros/jazzy/share/nav_msgs/cmake)\n'}
[8.653453] (-) TimerEvent: {}
[8.754904] (-) TimerEvent: {}
[8.875659] (-) TimerEvent: {}
[8.989518] (-) TimerEvent: {}
[9.092468] (-) TimerEvent: {}
[9.190722] (drive_drone) StdoutLine: {'line': b'-- Found cv_bridge: 4.1.0 (/opt/ros/jazzy/share/cv_bridge/cmake)\n'}
[9.192634] (-) TimerEvent: {}
[9.301498] (-) TimerEvent: {}
[9.407910] (-) TimerEvent: {}
[9.510540] (-) TimerEvent: {}
[9.631643] (-) TimerEvent: {}
[9.741760] (-) TimerEvent: {}
[9.845283] (-) TimerEvent: {}
[9.946324] (-) TimerEvent: {}
[10.058645] (-) TimerEvent: {}
[10.159568] (-) TimerEvent: {}
[10.262283] (-) TimerEvent: {}
[10.403301] (-) TimerEvent: {}
[10.504455] (-) TimerEvent: {}
[10.608445] (-) TimerEvent: {}
[10.715521] (-) TimerEvent: {}
[10.816800] (-) TimerEvent: {}
[10.920407] (-) TimerEvent: {}
[11.034625] (-) TimerEvent: {}
[11.119405] (drive_drone) StdoutLine: {'line': b'-- Configuring done (10.7s)\n'}
[11.135378] (-) TimerEvent: {}
[11.237671] (-) TimerEvent: {}
[11.340732] (-) TimerEvent: {}
[11.446280] (-) TimerEvent: {}
[11.538398] (drive_drone) StdoutLine: {'line': b'-- Generating done (0.3s)\n'}
[11.547923] (-) TimerEvent: {}
[11.686501] (-) TimerEvent: {}
[11.713451] (drive_drone) StdoutLine: {'line': b'-- Build files have been written to: /home/user/PPO_drone_Gazebo_ROS2/build/drive_drone\n'}
[11.783047] (drive_drone) CommandEnded: {'returncode': 0}
[11.795039] (drive_drone) JobProgress: {'identifier': 'drive_drone', 'progress': 'build'}
[11.795299] (-) TimerEvent: {}
[11.798399] (drive_drone) Command: {'cmd': ['/usr/bin/cmake', '--build', '/home/user/PPO_drone_Gazebo_ROS2/build/drive_drone', '--', '-j8', '-l8'], 'cwd': '/home/user/PPO_drone_Gazebo_ROS2/build/drive_drone', 'env': OrderedDict({'LESSOPEN': '| /usr/bin/lesspipe %s', 'CONDA_PROMPT_MODIFIER': '(base)', 'GZ_SIM_RESOURCE_PATH': ':/home/user/PX4-Autopilot/Tools/simulation/gz/models:/home/user/PX4-Autopilot/Tools/simulation/gz/worlds', 'LANGUAGE': 'en_US:en', 'USER': 'user', 'LC_TIME': 'en_US.UTF-8', 'GZ_CONFIG_PATH': '/opt/ros/jazzy/opt/gz_sim_vendor/share/gz:/opt/ros/jazzy/opt/sdformat_vendor/share/gz:/opt/ros/jazzy/opt/gz_gui_vendor/share/gz:/opt/ros/jazzy/opt/gz_transport_vendor/share/gz:/opt/ros/jazzy/opt/gz_rendering_vendor/share/gz:/opt/ros/jazzy/opt/gz_plugin_vendor/share/gz:/opt/ros/jazzy/opt/gz_fuel_tools_vendor/share/gz:/opt/ros/jazzy/opt/gz_msgs_vendor/share/gz:/opt/ros/jazzy/opt/gz_common_vendor/share/gz', 'XDG_SESSION_TYPE': 'x11', 'CLUTTER_DISABLE_MIPMAPPED_TEXT': '1', 'SHLVL': '1', 'LD_LIBRARY_PATH': '/opt/ros/jazzy/opt/gz_sim_vendor/lib:/opt/ros/jazzy/opt/gz_sensors_vendor/lib:/opt/ros/jazzy/opt/gz_physics_vendor/lib:/opt/ros/jazzy/opt/sdformat_vendor/lib:/opt/ros/jazzy/opt/rviz_ogre_vendor/lib:/opt/ros/jazzy/lib/x86_64-linux-gnu:/opt/ros/jazzy/opt/gz_gui_vendor/lib:/opt/ros/jazzy/opt/gz_transport_vendor/lib:/opt/ros/jazzy/opt/gz_rendering_vendor/lib:/opt/ros/jazzy/opt/gz_plugin_vendor/lib:/opt/ros/jazzy/opt/gz_fuel_tools_vendor/lib:/opt/ros/jazzy/opt/gz_msgs_vendor/lib:/opt/ros/jazzy/opt/gz_common_vendor/lib:/opt/ros/jazzy/opt/gz_math_vendor/lib:/opt/ros/jazzy/opt/gz_utils_vendor/lib:/opt/ros/jazzy/opt/gz_tools_vendor/lib:/opt/ros/jazzy/opt/gz_ogre_next_vendor/lib:/opt/ros/jazzy/opt/gz_dartsim_vendor/lib:/opt/ros/jazzy/opt/gz_cmake_vendor/lib:/opt/ros/jazzy/lib', 'HOME': '/home/user', 'CONDA_SHLVL': '1', 'OLDPWD': '/home/user', 'DESKTOP_SESSION': 'ubuntu', 'ROS_PYTHON_VERSION': '3', 'GNOME_SHELL_SESSION_MODE': 'ubuntu', 'GTK_MODULES': 'gail:atk-bridge', 'LC_MONETARY': 'en_US.UTF-8', 'SYSTEMD_EXEC_PID': '3023', 'GSM_SKIP_SSH_AGENT_WORKAROUND': 'true', 'DBUS_SESSION_BUS_ADDRESS': 'unix:path=/run/user/1000/bus', 'COLORTERM': 'truecolor', '_CE_M': '', '_CONDA_ROOT': '/home/user/miniconda3', 'DEBUGINFOD_URLS': 'https://debuginfod.ubuntu.com', 'ROS_DISTRO': 'jazzy', 'GTK_IM_MODULE': 'fcitx', 'LOGNAME': 'user', '_': '/usr/bin/colcon', 'ROS_VERSION': '2', 'MEMORY_PRESSURE_WATCH': '/sys/fs/cgroup/user.slice/user-1000.slice/user@1000.service/session.slice/org.gnome.Shell@x11.service/memory.pressure', 'XDG_SESSION_CLASS': 'user', 'USERNAME': 'user', 'TERM': 'xterm-256color', 'GNOME_DESKTOP_SESSION_ID': 'this-is-deprecated', '_CE_CONDA': '', 'WINDOWPATH': '2', 'PATH': '/opt/ros/jazzy/opt/gz_msgs_vendor/bin:/opt/ros/jazzy/opt/gz_tools_vendor/bin:/opt/ros/jazzy/opt/gz_ogre_next_vendor/bin:/opt/ros/jazzy/bin:/home/user/miniconda3/bin:/home/user/miniconda3/condabin:/home/user/.local/bin:/usr/local/sbin:/usr/local/bin:/usr/sbin:/usr/bin:/sbin:/bin:/usr/games:/usr/local/games:/snap/bin:/snap/bin:/home/user/.local/bin:/home/user/.local/bin:/opt/xtensa-esp-elf/bin/:/opt/xtensa-esp-elf/bin/', 'SESSION_MANAGER': 'local/user-GL752VW:@/tmp/.ICE-unix/2975,unix/user-GL752VW:/tmp/.ICE-unix/2975', 'PAPERSIZE': 'letter', 'XDG_MENU_PREFIX': 'gnome-', 'LC_ADDRESS': 'en_US.UTF-8', 'GNOME_TERMINAL_SCREEN': '/org/gnome/Terminal/screen/bf5376a9_6cec_4815_a017_e928309a62ad', 'XDG_RUNTIME_DIR': '/run/user/1000', 'MAMBA_ROOT_PREFIX': '/home/user/micromamba', 'DISPLAY': ':1', 'LANG': 'en_US.UTF-8', 'XDG_CURRENT_DESKTOP': 'ubuntu:GNOME', 'LC_TELEPHONE': 'en_US.UTF-8', 'XMODIFIERS': '@im=fcitx', 'XDG_SESSION_DESKTOP': 'ubuntu', 'XAUTHORITY': '/run/user/1000/gdm/Xauthority', 'LS_COLORS': 'rs=0:di=01;34:ln=01;36:mh=00:pi=40;33:so=01;35:do=01;35:bd=40;33;01:cd=40;33;01:or=40;31;01:mi=00:su=37;41:sg=30;43:ca=00:tw=30;42:ow=34;42:st=37;44:ex=01;32:*.tar=01;31:*.tgz=01;31:*.arc=01;31:*.arj=01;31:*.taz=01;31:*.lha=01;31:*.lz4=01;31:*.lzh=01;31:*.lzma=01;31:*.tlz=01;31:*.txz=01;31:*.tzo=01;31:*.t7z=01;31:*.zip=01;31:*.z=01;31:*.dz=01;31:*.gz=01;31:*.lrz=01;31:*.lz=01;31:*.lzo=01;31:*.xz=01;31:*.zst=01;31:*.tzst=01;31:*.bz2=01;31:*.bz=01;31:*.tbz=01;31:*.tbz2=01;31:*.tz=01;31:*.deb=01;31:*.rpm=01;31:*.jar=01;31:*.war=01;31:*.ear=01;31:*.sar=01;31:*.rar=01;31:*.alz=01;31:*.ace=01;31:*.zoo=01;31:*.cpio=01;31:*.7z=01;31:*.rz=01;31:*.cab=01;31:*.wim=01;31:*.swm=01;31:*.dwm=01;31:*.esd=01;31:*.avif=01;35:*.jpg=01;35:*.jpeg=01;35:*.mjpg=01;35:*.mjpeg=01;35:*.gif=01;35:*.bmp=01;35:*.pbm=01;35:*.pgm=01;35:*.ppm=01;35:*.tga=01;35:*.xbm=01;35:*.xpm=01;35:*.tif=01;35:*.tiff=01;35:*.png=01;35:*.svg=01;35:*.svgz=01;35:*.mng=01;35:*.pcx=01;35:*.mov=01;35:*.mpg=01;35:*.mpeg=01;35:*.m2v=01;35:*.mkv=01;35:*.webm=01;35:*.webp=01;35:*.ogm=01;35:*.mp4=01;35:*.m4v=01;35:*.mp4v=01;35:*.vob=01;35:*.qt=01;35:*.nuv=01;35:*.wmv=01;35:*.asf=01;35:*.rm=01;35:*.rmvb=01;35:*.flc=01;35:*.avi=01;35:*.fli=01;35:*.flv=01;35:*.gl=01;35:*.dl=01;35:*.xcf=01;35:*.xwd=01;35:*.yuv=01;35:*.cgm=01;35:*.emf=01;35:*.ogv=01;35:*.ogx=01;35:*.aac=00;36:*.au=00;36:*.flac=00;36:*.m4a=00;36:*.mid=00;36:*.midi=00;36:*.mka=00;36:*.mp3=00;36:*.mpc=00;36:*.ogg=00;36:*.ra=00;36:*.wav=00;36:*.oga=00;36:*.opus=00;36:*.spx=00;36:*.xspf=00;36:*~=00;90:*#=00;90:*.bak=00;90:*.crdownload=00;90:*.dpkg-dist=00;90:*.dpkg-new=00;90:*.dpkg-old=00;90:*.dpkg-tmp=00;90:*.old=00;90:*.orig=00;90:*.part=00;90:*.rej=00;90:*.rpmnew=00;90:*.rpmorig=00;90:*.rpmsave=00;90:*.swp=00;90:*.tmp=00;90:*.ucf-dist=00;90:*.ucf-new=00;90:*.ucf-old=00;90:', 'GNOME_TERMINAL_SERVICE': ':1.109', 'SSH_AUTH_SOCK': '/run/user/1000/keyring/ssh', 'AMENT_PREFIX_PATH': '/opt/ros/jazzy', 'CONDA_PYTHON_EXE': '/home/user/miniconda3/bin/python', 'SHELL': '/bin/bash', 'LC_NAME': 'en_US.UTF-8', 'QT_ACCESSIBILITY': '1', 'GDMSESSION': 'ubuntu', 'LESSCLOSE': '/usr/bin/lesspipe %s %s', 'CONDA_DEFAULT_ENV': 'base', 'LC_MEASUREMENT': 'en_US.UTF-8', 'GPG_AGENT_INFO': '/run/user/1000/gnupg/S.gpg-agent:0:1', '_CONDA_EXE': '/home/user/miniconda3/bin/conda', 'MAMBA_EXE': '/home/user/.local/bin/micromamba', 'LC_IDENTIFICATION': 'en_US.UTF-8', 'ROS_AUTOMATIC_DISCOVERY_RANGE': 'SUBNET', 'QT_IM_MODULE': 'fcitx', 'PWD': '/home/user/PPO_drone_Gazebo_ROS2/build/drive_drone', 'TURTLEBOT3_MODEL': 'burger', 'LC_ALL': 'en_US.UTF-8', 'XDG_CONFIG_DIRS': '/etc/xdg/xdg-ubuntu:/etc/xdg', 'CONDA_EXE': '/home/user/miniconda3/bin/conda', 'XDG_DATA_DIRS': '/usr/share/ubuntu:/usr/share/gnome:/usr/local/share/:/usr/share/:/var/lib/snapd/desktop', 'QTWEBENGINE_DICTIONARIES_PATH': '/usr/share/hunspell-bdic/', 'PYTHONPATH': '/opt/ros/jazzy/lib/python3.12/site-packages', 'LC_NUMERIC': 'en_US.UTF-8', 'CONDA_PREFIX': '/home/user/miniconda3', 'LC_PAPER': 'en_US.UTF-8', 'COLCON': '1', 'MEMORY_PRESSURE_WRITE': 'c29tZSAyMDAwMDAgMjAwMDAwMAA=', 'VTE_VERSION': '7600', 'CMAKE_PREFIX_PATH': '/opt/ros/jazzy/opt/gz_sim_vendor:/opt/ros/jazzy/opt/gz_sensors_vendor:/opt/ros/jazzy/opt/gz_physics_vendor:/opt/ros/jazzy/opt/sdformat_vendor:/opt/ros/jazzy/opt/gz_gui_vendor:/opt/ros/jazzy/opt/gz_transport_vendor:/opt/ros/jazzy/opt/gz_rendering_vendor:/opt/ros/jazzy/opt/gz_plugin_vendor:/opt/ros/jazzy/opt/gz_fuel_tools_vendor:/opt/ros/jazzy/opt/gz_msgs_vendor:/opt/ros/jazzy/opt/gz_common_vendor:/opt/ros/jazzy/opt/gz_math_vendor:/opt/ros/jazzy/opt/gz_utils_vendor:/opt/ros/jazzy/opt/gz_tools_vendor:/opt/ros/jazzy/opt/gz_ogre_next_vendor:/opt/ros/jazzy/opt/gz_dartsim_vendor:/opt/ros/jazzy/opt/gz_cmake_vendor:/opt/ros/jazzy'}), 'shell': False}
[11.896258] (-) TimerEvent: {}
[12.005301] (-) TimerEvent: {}
[12.107578] (-) TimerEvent: {}
[12.231687] (-) TimerEvent: {}
[12.335477] (-) TimerEvent: {}
[12.440268] (-) TimerEvent: {}
[12.541228] (-) TimerEvent: {}
[12.644309] (-) TimerEvent: {}
[12.662523] (drive_drone) StdoutLine: {'line': b'[ 12%] \x1b[32mBuilding CXX object CMakeFiles/p1_a_drive_node.dir/src/p1_a_drive_node.cpp.o\x1b[0m\n'}
[12.764102] (-) TimerEvent: {}
[13.004356] (-) TimerEvent: {}
[13.106054] (-) TimerEvent: {}
[13.212698] (-) TimerEvent: {}
[13.313805] (-) TimerEvent: {}
[13.416449] (-) TimerEvent: {}
[13.522431] (-) TimerEvent: {}
[13.639298] (-) TimerEvent: {}
[13.740359] (-) TimerEvent: {}
[13.846492] (-) TimerEvent: {}
[13.952756] (-) TimerEvent: {}
[14.064371] (-) TimerEvent: {}
[14.174482] (-) TimerEvent: {}
[14.290462] (-) TimerEvent: {}
[14.409853] (-) TimerEvent: {}
[14.523490] (-) TimerEvent: {}
[14.626513] (-) TimerEvent: {}
[14.729349] (-) TimerEvent: {}
[14.837198] (-) TimerEvent: {}
[14.938198] (-) TimerEvent: {}
[15.048502] (-) TimerEvent: {}
[15.149615] (-) TimerEvent: {}
[15.253422] (-) TimerEvent: {}
[15.390639] (-) TimerEvent: {}
[15.492261] (-) TimerEvent: {}
[15.593518] (-) TimerEvent: {}
[15.699413] (-) TimerEvent: {}
[15.809851] (-) TimerEvent: {}
[15.920334] (-) TimerEvent: {}
[15.924765] (sjtu_drone_bringup) Command: {'cmd': ['/usr/bin/python3', '-W', 'ignore:setup.py install is deprecated', '-W', 'ignore:easy_install command is deprecated', 'setup.py', 'develop', '--uninstall', '--editable', '--build-directory', '/home/user/PPO_drone_Gazebo_ROS2/build/sjtu_drone_bringup/build'], 'cwd': '/home/user/PPO_drone_Gazebo_ROS2/build/sjtu_drone_bringup', 'env': {'LESSOPEN': '| /usr/bin/lesspipe %s', 'CONDA_PROMPT_MODIFIER': '(base)', 'GZ_SIM_RESOURCE_PATH': ':/home/user/PX4-Autopilot/Tools/simulation/gz/models:/home/user/PX4-Autopilot/Tools/simulation/gz/worlds', 'LANGUAGE': 'en_US:en', 'USER': 'user', 'LC_TIME': 'en_US.UTF-8', 'GZ_CONFIG_PATH': '/opt/ros/jazzy/opt/gz_sim_vendor/share/gz:/opt/ros/jazzy/opt/sdformat_vendor/share/gz:/opt/ros/jazzy/opt/gz_gui_vendor/share/gz:/opt/ros/jazzy/opt/gz_transport_vendor/share/gz:/opt/ros/jazzy/opt/gz_rendering_vendor/share/gz:/opt/ros/jazzy/opt/gz_plugin_vendor/share/gz:/opt/ros/jazzy/opt/gz_fuel_tools_vendor/share/gz:/opt/ros/jazzy/opt/gz_msgs_vendor/share/gz:/opt/ros/jazzy/opt/gz_common_vendor/share/gz', 'XDG_SESSION_TYPE': 'x11', 'CLUTTER_DISABLE_MIPMAPPED_TEXT': '1', 'SHLVL': '1', 'LD_LIBRARY_PATH': '/opt/ros/jazzy/opt/gz_sim_vendor/lib:/opt/ros/jazzy/opt/gz_sensors_vendor/lib:/opt/ros/jazzy/opt/gz_physics_vendor/lib:/opt/ros/jazzy/opt/sdformat_vendor/lib:/opt/ros/jazzy/opt/rviz_ogre_vendor/lib:/opt/ros/jazzy/lib/x86_64-linux-gnu:/opt/ros/jazzy/opt/gz_gui_vendor/lib:/opt/ros/jazzy/opt/gz_transport_vendor/lib:/opt/ros/jazzy/opt/gz_rendering_vendor/lib:/opt/ros/jazzy/opt/gz_plugin_vendor/lib:/opt/ros/jazzy/opt/gz_fuel_tools_vendor/lib:/opt/ros/jazzy/opt/gz_msgs_vendor/lib:/opt/ros/jazzy/opt/gz_common_vendor/lib:/opt/ros/jazzy/opt/gz_math_vendor/lib:/opt/ros/jazzy/opt/gz_utils_vendor/lib:/opt/ros/jazzy/opt/gz_tools_vendor/lib:/opt/ros/jazzy/opt/gz_ogre_next_vendor/lib:/opt/ros/jazzy/opt/gz_dartsim_vendor/lib:/opt/ros/jazzy/opt/gz_cmake_vendor/lib:/opt/ros/jazzy/lib', 'HOME': '/home/user', 'CONDA_SHLVL': '1', 'OLDPWD': '/home/user', 'DESKTOP_SESSION': 'ubuntu', 'ROS_PYTHON_VERSION': '3', 'GNOME_SHELL_SESSION_MODE': 'ubuntu', 'GTK_MODULES': 'gail:atk-bridge', 'LC_MONETARY': 'en_US.UTF-8', 'SYSTEMD_EXEC_PID': '3023', 'GSM_SKIP_SSH_AGENT_WORKAROUND': 'true', 'DBUS_SESSION_BUS_ADDRESS': 'unix:path=/run/user/1000/bus', 'COLORTERM': 'truecolor', '_CE_M': '', '_CONDA_ROOT': '/home/user/miniconda3', 'DEBUGINFOD_URLS': 'https://debuginfod.ubuntu.com', 'ROS_DISTRO': 'jazzy', 'GTK_IM_MODULE': 'fcitx', 'LOGNAME': 'user', '_': '/usr/bin/colcon', 'ROS_VERSION': '2', 'MEMORY_PRESSURE_WATCH': '/sys/fs/cgroup/user.slice/user-1000.slice/user@1000.service/session.slice/org.gnome.Shell@x11.service/memory.pressure', 'XDG_SESSION_CLASS': 'user', 'USERNAME': 'user', 'TERM': 'xterm-256color', 'GNOME_DESKTOP_SESSION_ID': 'this-is-deprecated', '_CE_CONDA': '', 'WINDOWPATH': '2', 'PATH': '/opt/ros/jazzy/opt/gz_msgs_vendor/bin:/opt/ros/jazzy/opt/gz_tools_vendor/bin:/opt/ros/jazzy/opt/gz_ogre_next_vendor/bin:/opt/ros/jazzy/bin:/home/user/miniconda3/bin:/home/user/miniconda3/condabin:/home/user/.local/bin:/usr/local/sbin:/usr/local/bin:/usr/sbin:/usr/bin:/sbin:/bin:/usr/games:/usr/local/games:/snap/bin:/snap/bin:/home/user/.local/bin:/home/user/.local/bin:/opt/xtensa-esp-elf/bin/:/opt/xtensa-esp-elf/bin/', 'SESSION_MANAGER': 'local/user-GL752VW:@/tmp/.ICE-unix/2975,unix/user-GL752VW:/tmp/.ICE-unix/2975', 'PAPERSIZE': 'letter', 'XDG_MENU_PREFIX': 'gnome-', 'LC_ADDRESS': 'en_US.UTF-8', 'GNOME_TERMINAL_SCREEN': '/org/gnome/Terminal/screen/bf5376a9_6cec_4815_a017_e928309a62ad', 'XDG_RUNTIME_DIR': '/run/user/1000', 'MAMBA_ROOT_PREFIX': '/home/user/micromamba', 'DISPLAY': ':1', 'LANG': 'en_US.UTF-8', 'XDG_CURRENT_DESKTOP': 'ubuntu:GNOME', 'LC_TELEPHONE': 'en_US.UTF-8', 'XMODIFIERS': '@im=fcitx', 'XDG_SESSION_DESKTOP': 'ubuntu', 'XAUTHORITY': '/run/user/1000/gdm/Xauthority', 'LS_COLORS': 'rs=0:di=01;34:ln=01;36:mh=00:pi=40;33:so=01;35:do=01;35:bd=40;33;01:cd=40;33;01:or=40;31;01:mi=00:su=37;41:sg=30;43:ca=00:tw=30;42:ow=34;42:st=37;44:ex=01;32:*.tar=01;31:*.tgz=01;31:*.arc=01;31:*.arj=01;31:*.taz=01;31:*.lha=01;31:*.lz4=01;31:*.lzh=01;31:*.lzma=01;31:*.tlz=01;31:*.txz=01;31:*.tzo=01;31:*.t7z=01;31:*.zip=01;31:*.z=01;31:*.dz=01;31:*.gz=01;31:*.lrz=01;31:*.lz=01;31:*.lzo=01;31:*.xz=01;31:*.zst=01;31:*.tzst=01;31:*.bz2=01;31:*.bz=01;31:*.tbz=01;31:*.tbz2=01;31:*.tz=01;31:*.deb=01;31:*.rpm=01;31:*.jar=01;31:*.war=01;31:*.ear=01;31:*.sar=01;31:*.rar=01;31:*.alz=01;31:*.ace=01;31:*.zoo=01;31:*.cpio=01;31:*.7z=01;31:*.rz=01;31:*.cab=01;31:*.wim=01;31:*.swm=01;31:*.dwm=01;31:*.esd=01;31:*.avif=01;35:*.jpg=01;35:*.jpeg=01;35:*.mjpg=01;35:*.mjpeg=01;35:*.gif=01;35:*.bmp=01;35:*.pbm=01;35:*.pgm=01;35:*.ppm=01;35:*.tga=01;35:*.xbm=01;35:*.xpm=01;35:*.tif=01;35:*.tiff=01;35:*.png=01;35:*.svg=01;35:*.svgz=01;35:*.mng=01;35:*.pcx=01;35:*.mov=01;35:*.mpg=01;35:*.mpeg=01;35:*.m2v=01;35:*.mkv=01;35:*.webm=01;35:*.webp=01;35:*.ogm=01;35:*.mp4=01;35:*.m4v=01;35:*.mp4v=01;35:*.vob=01;35:*.qt=01;35:*.nuv=01;35:*.wmv=01;35:*.asf=01;35:*.rm=01;35:*.rmvb=01;35:*.flc=01;35:*.avi=01;35:*.fli=01;35:*.flv=01;35:*.gl=01;35:*.dl=01;35:*.xcf=01;35:*.xwd=01;35:*.yuv=01;35:*.cgm=01;35:*.emf=01;35:*.ogv=01;35:*.ogx=01;35:*.aac=00;36:*.au=00;36:*.flac=00;36:*.m4a=00;36:*.mid=00;36:*.midi=00;36:*.mka=00;36:*.mp3=00;36:*.mpc=00;36:*.ogg=00;36:*.ra=00;36:*.wav=00;36:*.oga=00;36:*.opus=00;36:*.spx=00;36:*.xspf=00;36:*~=00;90:*#=00;90:*.bak=00;90:*.crdownload=00;90:*.dpkg-dist=00;90:*.dpkg-new=00;90:*.dpkg-old=00;90:*.dpkg-tmp=00;90:*.old=00;90:*.orig=00;90:*.part=00;90:*.rej=00;90:*.rpmnew=00;90:*.rpmorig=00;90:*.rpmsave=00;90:*.swp=00;90:*.tmp=00;90:*.ucf-dist=00;90:*.ucf-new=00;90:*.ucf-old=00;90:', 'GNOME_TERMINAL_SERVICE': ':1.109', 'SSH_AUTH_SOCK': '/run/user/1000/keyring/ssh', 'AMENT_PREFIX_PATH': '/opt/ros/jazzy', 'CONDA_PYTHON_EXE': '/home/user/miniconda3/bin/python', 'SHELL': '/bin/bash', 'LC_NAME': 'en_US.UTF-8', 'QT_ACCESSIBILITY': '1', 'GDMSESSION': 'ubuntu', 'LESSCLOSE': '/usr/bin/lesspipe %s %s', 'CONDA_DEFAULT_ENV': 'base', 'LC_MEASUREMENT': 'en_US.UTF-8', 'GPG_AGENT_INFO': '/run/user/1000/gnupg/S.gpg-agent:0:1', '_CONDA_EXE': '/home/user/miniconda3/bin/conda', 'MAMBA_EXE': '/home/user/.local/bin/micromamba', 'LC_IDENTIFICATION': 'en_US.UTF-8', 'ROS_AUTOMATIC_DISCOVERY_RANGE': 'SUBNET', 'QT_IM_MODULE': 'fcitx', 'PWD': '/home/user/PPO_drone_Gazebo_ROS2/build/sjtu_drone_bringup', 'TURTLEBOT3_MODEL': 'burger', 'LC_ALL': 'en_US.UTF-8', 'XDG_CONFIG_DIRS': '/etc/xdg/xdg-ubuntu:/etc/xdg', 'CONDA_EXE': '/home/user/miniconda3/bin/conda', 'XDG_DATA_DIRS': '/usr/share/ubuntu:/usr/share/gnome:/usr/local/share/:/usr/share/:/var/lib/snapd/desktop', 'QTWEBENGINE_DICTIONARIES_PATH': '/usr/share/hunspell-bdic/', 'PYTHONPATH': '/home/user/PPO_drone_Gazebo_ROS2/build/sjtu_drone_bringup/prefix_override:/usr/lib/python3/dist-packages/colcon_core/task/python/colcon_distutils_commands:/home/user/PPO_drone_Gazebo_ROS2/install/sjtu_drone_bringup/lib/python3.12/site-packages:/opt/ros/jazzy/lib/python3.12/site-packages', 'LC_NUMERIC': 'en_US.UTF-8', 'CONDA_PREFIX': '/home/user/miniconda3', 'LC_PAPER': 'en_US.UTF-8', 'COLCON': '1', 'MEMORY_PRESSURE_WRITE': 'c29tZSAyMDAwMDAgMjAwMDAwMAA=', 'VTE_VERSION': '7600', 'CMAKE_PREFIX_PATH': '/opt/ros/jazzy/opt/gz_sim_vendor:/opt/ros/jazzy/opt/gz_sensors_vendor:/opt/ros/jazzy/opt/gz_physics_vendor:/opt/ros/jazzy/opt/sdformat_vendor:/opt/ros/jazzy/opt/gz_gui_vendor:/opt/ros/jazzy/opt/gz_transport_vendor:/opt/ros/jazzy/opt/gz_rendering_vendor:/opt/ros/jazzy/opt/gz_plugin_vendor:/opt/ros/jazzy/opt/gz_fuel_tools_vendor:/opt/ros/jazzy/opt/gz_msgs_vendor:/opt/ros/jazzy/opt/gz_common_vendor:/opt/ros/jazzy/opt/gz_math_vendor:/opt/ros/jazzy/opt/gz_utils_vendor:/opt/ros/jazzy/opt/gz_tools_vendor:/opt/ros/jazzy/opt/gz_ogre_next_vendor:/opt/ros/jazzy/opt/gz_dartsim_vendor:/opt/ros/jazzy/opt/gz_cmake_vendor'}, 'shell': False}
[16.021321] (-) TimerEvent: {}
[16.129295] (-) TimerEvent: {}
[16.232465] (-) TimerEvent: {}
[16.337043] (-) TimerEvent: {}
[16.437983] (-) TimerEvent: {}
[16.543729] (-) TimerEvent: {}
[16.654575] (-) TimerEvent: {}
[16.758347] (-) TimerEvent: {}
[16.859766] (-) TimerEvent: {}
[16.967576] (-) TimerEvent: {}
[17.072627] (-) TimerEvent: {}
[17.180296] (-) TimerEvent: {}
[17.281277] (-) TimerEvent: {}
[17.389913] (-) TimerEvent: {}
[17.499593] (-) TimerEvent: {}
[17.603276] (-) TimerEvent: {}
[17.706432] (-) TimerEvent: {}
[17.818711] (-) TimerEvent: {}
[17.924621] (-) TimerEvent: {}
[18.028639] (-) TimerEvent: {}
[18.137404] (-) TimerEvent: {}
[18.238627] (-) TimerEvent: {}
[18.342776] (-) TimerEvent: {}
[18.445880] (-) TimerEvent: {}
[18.546865] (-) TimerEvent: {}
[18.650321] (-) TimerEvent: {}
[18.756835] (-) TimerEvent: {}
[18.864308] (-) TimerEvent: {}
[18.965478] (-) TimerEvent: {}
[19.072963] (-) TimerEvent: {}
[19.179500] (-) TimerEvent: {}
[19.285541] (-) TimerEvent: {}
[19.388276] (-) TimerEvent: {}
[19.490322] (-) TimerEvent: {}
[19.592413] (-) TimerEvent: {}
[19.697286] (-) TimerEvent: {}
[19.802478] (-) TimerEvent: {}
[19.908231] (-) TimerEvent: {}
[20.010621] (-) TimerEvent: {}
[20.115302] (-) TimerEvent: {}
[20.217348] (-) TimerEvent: {}
[20.318545] (-) TimerEvent: {}
[20.422360] (-) TimerEvent: {}
[20.527667] (-) TimerEvent: {}
[20.632461] (-) TimerEvent: {}
[20.736276] (-) TimerEvent: {}
[20.842286] (-) TimerEvent: {}
[20.943337] (-) TimerEvent: {}
[21.050513] (-) TimerEvent: {}
[21.153561] (-) TimerEvent: {}
[21.257507] (-) TimerEvent: {}
[21.358597] (-) TimerEvent: {}
[21.475273] (-) TimerEvent: {}
[21.584379] (-) TimerEvent: {}
[21.652775] (sjtu_drone_bringup) StdoutLine: {'line': b'running develop\n'}
[21.685047] (-) TimerEvent: {}
[21.789311] (-) TimerEvent: {}
[21.895869] (-) TimerEvent: {}
[21.997524] (-) TimerEvent: {}
[22.101485] (-) TimerEvent: {}
[22.208692] (-) TimerEvent: {}
[22.325894] (-) TimerEvent: {}
[22.433181] (-) TimerEvent: {}
[22.537504] (-) TimerEvent: {}
[22.645281] (-) TimerEvent: {}
[22.746871] (-) TimerEvent: {}
[22.849880] (-) TimerEvent: {}
[22.957024] (-) TimerEvent: {}
[23.087680] (-) TimerEvent: {}
[23.189303] (-) TimerEvent: {}
[23.293224] (-) TimerEvent: {}
[23.395449] (-) TimerEvent: {}
[23.500916] (-) TimerEvent: {}
[23.605562] (-) TimerEvent: {}
[23.713757] (-) TimerEvent: {}
[23.825651] (-) TimerEvent: {}
[23.931917] (-) TimerEvent: {}
[24.037382] (-) TimerEvent: {}
[24.144745] (-) TimerEvent: {}
[24.246879] (-) TimerEvent: {}
[24.353515] (-) TimerEvent: {}
[24.456281] (-) TimerEvent: {}
[24.579171] (-) TimerEvent: {}
[24.685714] (-) TimerEvent: {}
[24.791073] (-) TimerEvent: {}
[24.895339] (-) TimerEvent: {}
[24.999956] (-) TimerEvent: {}
[25.101260] (-) TimerEvent: {}
[25.202394] (-) TimerEvent: {}
[25.306848] (-) TimerEvent: {}
[25.411269] (-) TimerEvent: {}
[25.516282] (-) TimerEvent: {}
[25.617263] (-) TimerEvent: {}
[25.724296] (-) TimerEvent: {}
[25.825339] (-) TimerEvent: {}
[25.930293] (-) TimerEvent: {}
[26.033293] (-) TimerEvent: {}
[26.136349] (-) TimerEvent: {}
[26.243568] (-) TimerEvent: {}
[26.345486] (-) TimerEvent: {}
[26.450388] (-) TimerEvent: {}
[26.558739] (-) TimerEvent: {}
[26.660923] (-) TimerEvent: {}
[26.766289] (sjtu_drone_bringup) StdoutLine: {'line': b'Removing /home/user/PPO_drone_Gazebo_ROS2/install/sjtu_drone_bringup/lib/python3.12/site-packages/sjtu-drone-bringup.egg-link (link to .)\n'}
[26.767345] (-) TimerEvent: {}
[26.878352] (-) TimerEvent: {}
[26.986068] (-) TimerEvent: {}
[27.006283] (sjtu_drone_bringup) CommandEnded: {'returncode': 0}
[27.047038] (sjtu_drone_bringup) Command: {'cmd': ['/usr/bin/python3', '-W', 'ignore:setup.py install is deprecated', '-W', 'ignore:easy_install command is deprecated', 'setup.py', 'egg_info', '--egg-base', '../../../build/sjtu_drone_bringup', 'build', '--build-base', '/home/user/PPO_drone_Gazebo_ROS2/build/sjtu_drone_bringup/build', 'install', '--record', '/home/user/PPO_drone_Gazebo_ROS2/build/sjtu_drone_bringup/install.log', '--single-version-externally-managed', 'install_data', '--force'], 'cwd': '/home/user/PPO_drone_Gazebo_ROS2/src/sjtu_drone/sjtu_drone_bringup', 'env': {'LESSOPEN': '| /usr/bin/lesspipe %s', 'CONDA_PROMPT_MODIFIER': '(base)', 'GZ_SIM_RESOURCE_PATH': ':/home/user/PX4-Autopilot/Tools/simulation/gz/models:/home/user/PX4-Autopilot/Tools/simulation/gz/worlds', 'LANGUAGE': 'en_US:en', 'USER': 'user', 'LC_TIME': 'en_US.UTF-8', 'GZ_CONFIG_PATH': '/opt/ros/jazzy/opt/gz_sim_vendor/share/gz:/opt/ros/jazzy/opt/sdformat_vendor/share/gz:/opt/ros/jazzy/opt/gz_gui_vendor/share/gz:/opt/ros/jazzy/opt/gz_transport_vendor/share/gz:/opt/ros/jazzy/opt/gz_rendering_vendor/share/gz:/opt/ros/jazzy/opt/gz_plugin_vendor/share/gz:/opt/ros/jazzy/opt/gz_fuel_tools_vendor/share/gz:/opt/ros/jazzy/opt/gz_msgs_vendor/share/gz:/opt/ros/jazzy/opt/gz_common_vendor/share/gz', 'XDG_SESSION_TYPE': 'x11', 'CLUTTER_DISABLE_MIPMAPPED_TEXT': '1', 'SHLVL': '1', 'LD_LIBRARY_PATH': '/opt/ros/jazzy/opt/gz_sim_vendor/lib:/opt/ros/jazzy/opt/gz_sensors_vendor/lib:/opt/ros/jazzy/opt/gz_physics_vendor/lib:/opt/ros/jazzy/opt/sdformat_vendor/lib:/opt/ros/jazzy/opt/rviz_ogre_vendor/lib:/opt/ros/jazzy/lib/x86_64-linux-gnu:/opt/ros/jazzy/opt/gz_gui_vendor/lib:/opt/ros/jazzy/opt/gz_transport_vendor/lib:/opt/ros/jazzy/opt/gz_rendering_vendor/lib:/opt/ros/jazzy/opt/gz_plugin_vendor/lib:/opt/ros/jazzy/opt/gz_fuel_tools_vendor/lib:/opt/ros/jazzy/opt/gz_msgs_vendor/lib:/opt/ros/jazzy/opt/gz_common_vendor/lib:/opt/ros/jazzy/opt/gz_math_vendor/lib:/opt/ros/jazzy/opt/gz_utils_vendor/lib:/opt/ros/jazzy/opt/gz_tools_vendor/lib:/opt/ros/jazzy/opt/gz_ogre_next_vendor/lib:/opt/ros/jazzy/opt/gz_dartsim_vendor/lib:/opt/ros/jazzy/opt/gz_cmake_vendor/lib:/opt/ros/jazzy/lib', 'HOME': '/home/user', 'CONDA_SHLVL': '1', 'OLDPWD': '/home/user', 'DESKTOP_SESSION': 'ubuntu', 'ROS_PYTHON_VERSION': '3', 'GNOME_SHELL_SESSION_MODE': 'ubuntu', 'GTK_MODULES': 'gail:atk-bridge', 'LC_MONETARY': 'en_US.UTF-8', 'SYSTEMD_EXEC_PID': '3023', 'GSM_SKIP_SSH_AGENT_WORKAROUND': 'true', 'DBUS_SESSION_BUS_ADDRESS': 'unix:path=/run/user/1000/bus', 'COLORTERM': 'truecolor', '_CE_M': '', '_CONDA_ROOT': '/home/user/miniconda3', 'DEBUGINFOD_URLS': 'https://debuginfod.ubuntu.com', 'ROS_DISTRO': 'jazzy', 'GTK_IM_MODULE': 'fcitx', 'LOGNAME': 'user', '_': '/usr/bin/colcon', 'ROS_VERSION': '2', 'MEMORY_PRESSURE_WATCH': '/sys/fs/cgroup/user.slice/user-1000.slice/user@1000.service/session.slice/org.gnome.Shell@x11.service/memory.pressure', 'XDG_SESSION_CLASS': 'user', 'USERNAME': 'user', 'TERM': 'xterm-256color', 'GNOME_DESKTOP_SESSION_ID': 'this-is-deprecated', '_CE_CONDA': '', 'WINDOWPATH': '2', 'PATH': '/opt/ros/jazzy/opt/gz_msgs_vendor/bin:/opt/ros/jazzy/opt/gz_tools_vendor/bin:/opt/ros/jazzy/opt/gz_ogre_next_vendor/bin:/opt/ros/jazzy/bin:/home/user/miniconda3/bin:/home/user/miniconda3/condabin:/home/user/.local/bin:/usr/local/sbin:/usr/local/bin:/usr/sbin:/usr/bin:/sbin:/bin:/usr/games:/usr/local/games:/snap/bin:/snap/bin:/home/user/.local/bin:/home/user/.local/bin:/opt/xtensa-esp-elf/bin/:/opt/xtensa-esp-elf/bin/', 'SESSION_MANAGER': 'local/user-GL752VW:@/tmp/.ICE-unix/2975,unix/user-GL752VW:/tmp/.ICE-unix/2975', 'PAPERSIZE': 'letter', 'XDG_MENU_PREFIX': 'gnome-', 'LC_ADDRESS': 'en_US.UTF-8', 'GNOME_TERMINAL_SCREEN': '/org/gnome/Terminal/screen/bf5376a9_6cec_4815_a017_e928309a62ad', 'XDG_RUNTIME_DIR': '/run/user/1000', 'MAMBA_ROOT_PREFIX': '/home/user/micromamba', 'DISPLAY': ':1', 'LANG': 'en_US.UTF-8', 'XDG_CURRENT_DESKTOP': 'ubuntu:GNOME', 'LC_TELEPHONE': 'en_US.UTF-8', 'XMODIFIERS': '@im=fcitx', 'XDG_SESSION_DESKTOP': 'ubuntu', 'XAUTHORITY': '/run/user/1000/gdm/Xauthority', 'LS_COLORS': 'rs=0:di=01;34:ln=01;36:mh=00:pi=40;33:so=01;35:do=01;35:bd=40;33;01:cd=40;33;01:or=40;31;01:mi=00:su=37;41:sg=30;43:ca=00:tw=30;42:ow=34;42:st=37;44:ex=01;32:*.tar=01;31:*.tgz=01;31:*.arc=01;31:*.arj=01;31:*.taz=01;31:*.lha=01;31:*.lz4=01;31:*.lzh=01;31:*.lzma=01;31:*.tlz=01;31:*.txz=01;31:*.tzo=01;31:*.t7z=01;31:*.zip=01;31:*.z=01;31:*.dz=01;31:*.gz=01;31:*.lrz=01;31:*.lz=01;31:*.lzo=01;31:*.xz=01;31:*.zst=01;31:*.tzst=01;31:*.bz2=01;31:*.bz=01;31:*.tbz=01;31:*.tbz2=01;31:*.tz=01;31:*.deb=01;31:*.rpm=01;31:*.jar=01;31:*.war=01;31:*.ear=01;31:*.sar=01;31:*.rar=01;31:*.alz=01;31:*.ace=01;31:*.zoo=01;31:*.cpio=01;31:*.7z=01;31:*.rz=01;31:*.cab=01;31:*.wim=01;31:*.swm=01;31:*.dwm=01;31:*.esd=01;31:*.avif=01;35:*.jpg=01;35:*.jpeg=01;35:*.mjpg=01;35:*.mjpeg=01;35:*.gif=01;35:*.bmp=01;35:*.pbm=01;35:*.pgm=01;35:*.ppm=01;35:*.tga=01;35:*.xbm=01;35:*.xpm=01;35:*.tif=01;35:*.tiff=01;35:*.png=01;35:*.svg=01;35:*.svgz=01;35:*.mng=01;35:*.pcx=01;35:*.mov=01;35:*.mpg=01;35:*.mpeg=01;35:*.m2v=01;35:*.mkv=01;35:*.webm=01;35:*.webp=01;35:*.ogm=01;35:*.mp4=01;35:*.m4v=01;35:*.mp4v=01;35:*.vob=01;35:*.qt=01;35:*.nuv=01;35:*.wmv=01;35:*.asf=01;35:*.rm=01;35:*.rmvb=01;35:*.flc=01;35:*.avi=01;35:*.fli=01;35:*.flv=01;35:*.gl=01;35:*.dl=01;35:*.xcf=01;35:*.xwd=01;35:*.yuv=01;35:*.cgm=01;35:*.emf=01;35:*.ogv=01;35:*.ogx=01;35:*.aac=00;36:*.au=00;36:*.flac=00;36:*.m4a=00;36:*.mid=00;36:*.midi=00;36:*.mka=00;36:*.mp3=00;36:*.mpc=00;36:*.ogg=00;36:*.ra=00;36:*.wav=00;36:*.oga=00;36:*.opus=00;36:*.spx=00;36:*.xspf=00;36:*~=00;90:*#=00;90:*.bak=00;90:*.crdownload=00;90:*.dpkg-dist=00;90:*.dpkg-new=00;90:*.dpkg-old=00;90:*.dpkg-tmp=00;90:*.old=00;90:*.orig=00;90:*.part=00;90:*.rej=00;90:*.rpmnew=00;90:*.rpmorig=00;90:*.rpmsave=00;90:*.swp=00;90:*.tmp=00;90:*.ucf-dist=00;90:*.ucf-new=00;90:*.ucf-old=00;90:', 'GNOME_TERMINAL_SERVICE': ':1.109', 'SSH_AUTH_SOCK': '/run/user/1000/keyring/ssh', 'AMENT_PREFIX_PATH': '/opt/ros/jazzy', 'CONDA_PYTHON_EXE': '/home/user/miniconda3/bin/python', 'SHELL': '/bin/bash', 'LC_NAME': 'en_US.UTF-8', 'QT_ACCESSIBILITY': '1', 'GDMSESSION': 'ubuntu', 'LESSCLOSE': '/usr/bin/lesspipe %s %s', 'CONDA_DEFAULT_ENV': 'base', 'LC_MEASUREMENT': 'en_US.UTF-8', 'GPG_AGENT_INFO': '/run/user/1000/gnupg/S.gpg-agent:0:1', '_CONDA_EXE': '/home/user/miniconda3/bin/conda', 'MAMBA_EXE': '/home/user/.local/bin/micromamba', 'LC_IDENTIFICATION': 'en_US.UTF-8', 'ROS_AUTOMATIC_DISCOVERY_RANGE': 'SUBNET', 'QT_IM_MODULE': 'fcitx', 'PWD': '/home/user/PPO_drone_Gazebo_ROS2/build/sjtu_drone_bringup', 'TURTLEBOT3_MODEL': 'burger', 'LC_ALL': 'en_US.UTF-8', 'XDG_CONFIG_DIRS': '/etc/xdg/xdg-ubuntu:/etc/xdg', 'CONDA_EXE': '/home/user/miniconda3/bin/conda', 'XDG_DATA_DIRS': '/usr/share/ubuntu:/usr/share/gnome:/usr/local/share/:/usr/share/:/var/lib/snapd/desktop', 'QTWEBENGINE_DICTIONARIES_PATH': '/usr/share/hunspell-bdic/', 'PYTHONPATH': '/home/user/PPO_drone_Gazebo_ROS2/build/sjtu_drone_bringup/prefix_override:/usr/lib/python3/dist-packages/colcon_core/task/python/colcon_distutils_commands:/home/user/PPO_drone_Gazebo_ROS2/install/sjtu_drone_bringup/lib/python3.12/site-packages:/opt/ros/jazzy/lib/python3.12/site-packages', 'LC_NUMERIC': 'en_US.UTF-8', 'CONDA_PREFIX': '/home/user/miniconda3', 'LC_PAPER': 'en_US.UTF-8', 'COLCON': '1', 'MEMORY_PRESSURE_WRITE': 'c29tZSAyMDAwMDAgMjAwMDAwMAA=', 'VTE_VERSION': '7600', 'CMAKE_PREFIX_PATH': '/opt/ros/jazzy/opt/gz_sim_vendor:/opt/ros/jazzy/opt/gz_sensors_vendor:/opt/ros/jazzy/opt/gz_physics_vendor:/opt/ros/jazzy/opt/sdformat_vendor:/opt/ros/jazzy/opt/gz_gui_vendor:/opt/ros/jazzy/opt/gz_transport_vendor:/opt/ros/jazzy/opt/gz_rendering_vendor:/opt/ros/jazzy/opt/gz_plugin_vendor:/opt/ros/jazzy/opt/gz_fuel_tools_vendor:/opt/ros/jazzy/opt/gz_msgs_vendor:/opt/ros/jazzy/opt/gz_common_vendor:/opt/ros/jazzy/opt/gz_math_vendor:/opt/ros/jazzy/opt/gz_utils_vendor:/opt/ros/jazzy/opt/gz_tools_vendor:/opt/ros/jazzy/opt/gz_ogre_next_vendor:/opt/ros/jazzy/opt/gz_dartsim_vendor:/opt/ros/jazzy/opt/gz_cmake_vendor'}, 'shell': False}
[27.157825] (-) TimerEvent: {}
[27.263672] (-) TimerEvent: {}
[27.365292] (-) TimerEvent: {}
[27.470404] (-) TimerEvent: {}
[27.575633] (-) TimerEvent: {}
[27.677439] (-) TimerEvent: {}
[27.783482] (-) TimerEvent: {}
[27.887199] (-) TimerEvent: {}
[27.996270] (-) TimerEvent: {}
[28.097077] (-) TimerEvent: {}
[28.204477] (-) TimerEvent: {}
[28.309834] (-) TimerEvent: {}
[28.413556] (-) TimerEvent: {}
[28.517297] (-) TimerEvent: {}
[28.618856] (-) TimerEvent: {}
[28.723779] (-) TimerEvent: {}
[28.828715] (-) TimerEvent: {}
[28.933420] (-) TimerEvent: {}
[29.036659] (-) TimerEvent: {}
[29.140637] (-) TimerEvent: {}
[29.274308] (-) TimerEvent: {}
[29.377092] (-) TimerEvent: {}
[29.483428] (-) TimerEvent: {}
[29.585509] (-) TimerEvent: {}
[29.688806] (-) TimerEvent: {}
[29.798686] (-) TimerEvent: {}
[29.902778] (-) TimerEvent: {}
[30.016413] (-) TimerEvent: {}
[30.132630] (-) TimerEvent: {}
[30.238754] (-) TimerEvent: {}
[30.343338] (-) TimerEvent: {}
[30.448612] (-) TimerEvent: {}
[30.549579] (-) TimerEvent: {}
[30.654099] (-) TimerEvent: {}
[30.759243] (-) TimerEvent: {}
[30.862580] (-) TimerEvent: {}
[30.963518] (-) TimerEvent: {}
[31.065525] (-) TimerEvent: {}
[31.174390] (-) TimerEvent: {}
[31.284695] (-) TimerEvent: {}
[31.391703] (-) TimerEvent: {}
[31.449081] (sjtu_drone_bringup) StdoutLine: {'line': b'running egg_info\n'}
[31.492449] (-) TimerEvent: {}
[31.605938] (-) TimerEvent: {}
[31.709709] (-) TimerEvent: {}
[31.783241] (sjtu_drone_bringup) StdoutLine: {'line': b'writing ../../../build/sjtu_drone_bringup/sjtu_drone_bringup.egg-info/PKG-INFO\n'}
[31.789256] (sjtu_drone_bringup) StdoutLine: {'line': b'writing dependency_links to ../../../build/sjtu_drone_bringup/sjtu_drone_bringup.egg-info/dependency_links.txt\n'}
[31.792128] (sjtu_drone_bringup) StdoutLine: {'line': b'writing entry points to ../../../build/sjtu_drone_bringup/sjtu_drone_bringup.egg-info/entry_points.txt\n'}
[31.799265] (sjtu_drone_bringup) StdoutLine: {'line': b'writing requirements to ../../../build/sjtu_drone_bringup/sjtu_drone_bringup.egg-info/requires.txt\n'}
[31.800186] (sjtu_drone_bringup) StdoutLine: {'line': b'writing top-level names to ../../../build/sjtu_drone_bringup/sjtu_drone_bringup.egg-info/top_level.txt\n'}
[31.824905] (-) TimerEvent: {}
[31.932883] (-) TimerEvent: {}
[32.038828] (-) TimerEvent: {}
[32.143550] (-) TimerEvent: {}
[32.246584] (-) TimerEvent: {}
[32.350434] (-) TimerEvent: {}
[32.453956] (-) TimerEvent: {}
[32.549341] (sjtu_drone_bringup) StdoutLine: {'line': b"reading manifest file '../../../build/sjtu_drone_bringup/sjtu_drone_bringup.egg-info/SOURCES.txt'\n"}
[32.555445] (-) TimerEvent: {}
[32.563464] (sjtu_drone_bringup) StdoutLine: {'line': b"writing manifest file '../../../build/sjtu_drone_bringup/sjtu_drone_bringup.egg-info/SOURCES.txt'\n"}
[32.564405] (sjtu_drone_bringup) StdoutLine: {'line': b'running build\n'}
[32.565122] (sjtu_drone_bringup) StdoutLine: {'line': b'running build_py\n'}
[32.565805] (sjtu_drone_bringup) StdoutLine: {'line': b'copying sjtu_drone_bringup/spawn_drone.py -> /home/user/PPO_drone_Gazebo_ROS2/build/sjtu_drone_bringup/build/lib/sjtu_drone_bringup\n'}
[32.582982] (sjtu_drone_bringup) StdoutLine: {'line': b'running install\n'}
[32.656286] (-) TimerEvent: {}
[32.683814] (sjtu_drone_bringup) StdoutLine: {'line': b'running install_lib\n'}
[32.756644] (-) TimerEvent: {}
[32.861460] (-) TimerEvent: {}
[32.966936] (-) TimerEvent: {}
[33.071471] (-) TimerEvent: {}
[33.175607] (-) TimerEvent: {}
[33.200308] (sjtu_drone_bringup) StdoutLine: {'line': b'creating /home/user/PPO_drone_Gazebo_ROS2/install/sjtu_drone_bringup/lib/python3.12/site-packages/sjtu_drone_bringup\n'}
[33.241048] (sjtu_drone_bringup) StdoutLine: {'line': b'copying /home/user/PPO_drone_Gazebo_ROS2/build/sjtu_drone_bringup/build/lib/sjtu_drone_bringup/spawn_drone.py -> /home/user/PPO_drone_Gazebo_ROS2/install/sjtu_drone_bringup/lib/python3.12/site-packages/sjtu_drone_bringup\n'}
[33.241923] (sjtu_drone_bringup) StdoutLine: {'line': b'copying /home/user/PPO_drone_Gazebo_ROS2/build/sjtu_drone_bringup/build/lib/sjtu_drone_bringup/__init__.py -> /home/user/PPO_drone_Gazebo_ROS2/install/sjtu_drone_bringup/lib/python3.12/site-packages/sjtu_drone_bringup\n'}
[33.242564] (sjtu_drone_bringup) StdoutLine: {'line': b'byte-compiling /home/user/PPO_drone_Gazebo_ROS2/install/sjtu_drone_bringup/lib/python3.12/site-packages/sjtu_drone_bringup/spawn_drone.py to spawn_drone.cpython-312.pyc\n'}
[33.243125] (sjtu_drone_bringup) StdoutLine: {'line': b'byte-compiling /home/user/PPO_drone_Gazebo_ROS2/install/sjtu_drone_bringup/lib/python3.12/site-packages/sjtu_drone_bringup/__init__.py to __init__.cpython-312.pyc\n'}
[33.245377] (sjtu_drone_bringup) StdoutLine: {'line': b'running install_data\n'}
[33.246029] (sjtu_drone_bringup) StdoutLine: {'line': b'copying resource/sjtu_drone_bringup -> /home/user/PPO_drone_Gazebo_ROS2/install/sjtu_drone_bringup/share/ament_index/resource_index/packages\n'}
[33.247659] (sjtu_drone_bringup) StdoutLine: {'line': b'copying package.xml -> /home/user/PPO_drone_Gazebo_ROS2/install/sjtu_drone_bringup/share/sjtu_drone_bringup\n'}
[33.248247] (sjtu_drone_bringup) StdoutLine: {'line': b'copying launch/sjtu_drone_bringup.launch.py -> /home/user/PPO_drone_Gazebo_ROS2/install/sjtu_drone_bringup/share/sjtu_drone_bringup/launch\n'}
[33.248833] (sjtu_drone_bringup) StdoutLine: {'line': b'copying rviz/rviz.rviz -> /home/user/PPO_drone_Gazebo_ROS2/install/sjtu_drone_bringup/share/sjtu_drone_bringup/rviz\n'}
[33.251393] (sjtu_drone_bringup) StdoutLine: {'line': b'copying config/drone.yaml -> /home/user/PPO_drone_Gazebo_ROS2/install/sjtu_drone_bringup/share/sjtu_drone_bringup/config\n'}
[33.254175] (sjtu_drone_bringup) StdoutLine: {'line': b'running install_egg_info\n'}
[33.285649] (-) TimerEvent: {}
[33.396280] (-) TimerEvent: {}
[33.497213] (-) TimerEvent: {}
[33.601354] (-) TimerEvent: {}
[33.739095] (-) TimerEvent: {}
[33.843284] (-) TimerEvent: {}
[33.947961] (-) TimerEvent: {}
[34.054464] (-) TimerEvent: {}
[34.156292] (sjtu_drone_bringup) StdoutLine: {'line': b'Copying ../../../build/sjtu_drone_bringup/sjtu_drone_bringup.egg-info to /home/user/PPO_drone_Gazebo_ROS2/install/sjtu_drone_bringup/lib/python3.12/site-packages/sjtu_drone_bringup-0.0.0-py3.12.egg-info\n'}
[34.157230] (-) TimerEvent: {}
[34.195675] (sjtu_drone_bringup) StdoutLine: {'line': b'running install_scripts\n'}
[34.262872] (-) TimerEvent: {}
[34.365035] (-) TimerEvent: {}
[34.473970] (-) TimerEvent: {}
[34.578242] (-) TimerEvent: {}
[34.680809] (-) TimerEvent: {}
[34.788289] (-) TimerEvent: {}
[34.889344] (-) TimerEvent: {}
[34.997548] (-) TimerEvent: {}
[35.104706] (-) TimerEvent: {}
[35.207376] (-) TimerEvent: {}
[35.316414] (-) TimerEvent: {}
[35.431111] (-) TimerEvent: {}
[35.551403] (-) TimerEvent: {}
[35.658280] (-) TimerEvent: {}
[35.760904] (-) TimerEvent: {}
[35.866295] (-) TimerEvent: {}
[36.012791] (-) TimerEvent: {}
[36.135307] (-) TimerEvent: {}
[36.242356] (-) TimerEvent: {}
[36.343456] (-) TimerEvent: {}
[36.446401] (-) TimerEvent: {}
[36.685008] (-) TimerEvent: {}
[36.788317] (-) TimerEvent: {}
[36.891285] (-) TimerEvent: {}
[36.998042] (-) TimerEvent: {}
[37.026226] (sjtu_drone_bringup) StdoutLine: {'line': b'Installing spawn_drone script to /home/user/PPO_drone_Gazebo_ROS2/install/sjtu_drone_bringup/lib/sjtu_drone_bringup\n'}
[37.034500] (sjtu_drone_bringup) StdoutLine: {'line': b"writing list of installed files to '/home/user/PPO_drone_Gazebo_ROS2/build/sjtu_drone_bringup/install.log'\n"}
[37.102303] (-) TimerEvent: {}
[37.203229] (-) TimerEvent: {}
[37.308418] (-) TimerEvent: {}
[37.353270] (sjtu_drone_bringup) CommandEnded: {'returncode': 0}
[37.410327] (-) TimerEvent: {}
[37.516015] (-) TimerEvent: {}
[37.580916] (sjtu_drone_bringup) JobEnded: {'identifier': 'sjtu_drone_bringup', 'rc': 0}
[37.616452] (-) TimerEvent: {}
[37.721646] (-) TimerEvent: {}
[37.829711] (-) TimerEvent: {}
[37.932464] (-) TimerEvent: {}
[38.047382] (-) TimerEvent: {}
[38.148764] (-) TimerEvent: {}
[38.255448] (-) TimerEvent: {}
[38.357006] (-) TimerEvent: {}
[38.459620] (-) TimerEvent: {}
[38.560605] (-) TimerEvent: {}
[38.665492] (-) TimerEvent: {}
[38.769083] (-) TimerEvent: {}
[38.870496] (-) TimerEvent: {}
[38.976391] (-) TimerEvent: {}
[39.079128] (-) TimerEvent: {}
[39.182992] (-) TimerEvent: {}
[39.292745] (-) TimerEvent: {}
[39.393938] (-) TimerEvent: {}
[39.502618] (-) TimerEvent: {}
[39.611316] (-) TimerEvent: {}
[39.714296] (-) TimerEvent: {}
[39.818628] (-) TimerEvent: {}
[39.973949] (-) TimerEvent: {}
[40.083291] (-) TimerEvent: {}
[40.193405] (-) TimerEvent: {}
[40.298238] (-) TimerEvent: {}
[40.414873] (-) TimerEvent: {}
[40.790371] (-) TimerEvent: {}
[40.935881] (-) TimerEvent: {}
[41.038131] (-) TimerEvent: {}
[41.140922] (-) TimerEvent: {}
[41.248495] (-) TimerEvent: {}
[41.350614] (-) TimerEvent: {}
[41.455643] (-) TimerEvent: {}
[41.559207] (-) TimerEvent: {}
[41.667318] (-) TimerEvent: {}
[41.769863] (-) TimerEvent: {}
[41.871393] (-) TimerEvent: {}
[41.984386] (-) TimerEvent: {}
[42.090528] (-) TimerEvent: {}
[42.194300] (-) TimerEvent: {}
[42.299545] (-) TimerEvent: {}
[42.401553] (-) TimerEvent: {}
[42.504797] (-) TimerEvent: {}
[42.607475] (-) TimerEvent: {}
[42.712626] (-) TimerEvent: {}
[42.816719] (-) TimerEvent: {}
[42.923716] (-) TimerEvent: {}
[43.032494] (-) TimerEvent: {}
[43.140686] (-) TimerEvent: {}
[43.242268] (-) TimerEvent: {}
[43.345609] (-) TimerEvent: {}
[43.451836] (-) TimerEvent: {}
[43.553309] (-) TimerEvent: {}
[43.655650] (-) TimerEvent: {}
[43.765946] (-) TimerEvent: {}
[43.869332] (-) TimerEvent: {}
[43.978505] (-) TimerEvent: {}
[44.083522] (-) TimerEvent: {}
[44.192919] (-) TimerEvent: {}
[44.331688] (-) TimerEvent: {}
[44.441018] (-) TimerEvent: {}
[44.543199] (-) TimerEvent: {}
[44.660245] (-) TimerEvent: {}
[44.768347] (-) TimerEvent: {}
[44.876176] (-) TimerEvent: {}
[44.977081] (-) TimerEvent: {}
[45.081038] (-) TimerEvent: {}
[45.187965] (-) TimerEvent: {}
[45.294758] (-) TimerEvent: {}
[45.396814] (-) TimerEvent: {}
[45.502779] (-) TimerEvent: {}
[45.610314] (-) TimerEvent: {}
[45.711216] (-) TimerEvent: {}
[45.812275] (-) TimerEvent: {}
[45.913420] (-) TimerEvent: {}
[46.014272] (-) TimerEvent: {}
[46.115406] (-) TimerEvent: {}
[46.217786] (-) TimerEvent: {}
[46.319628] (-) TimerEvent: {}
[46.425509] (-) TimerEvent: {}
[46.527304] (-) TimerEvent: {}
[46.629321] (-) TimerEvent: {}
[46.730616] (-) TimerEvent: {}
[46.835874] (-) TimerEvent: {}
[46.937598] (-) TimerEvent: {}
[47.041817] (-) TimerEvent: {}
[47.239183] (-) TimerEvent: {}
[47.345307] (-) TimerEvent: {}
[47.452008] (-) TimerEvent: {}
[47.565408] (-) TimerEvent: {}
[47.680613] (-) TimerEvent: {}
[47.783444] (-) TimerEvent: {}
[47.886716] (-) TimerEvent: {}
[47.987907] (-) TimerEvent: {}
[48.099299] (-) TimerEvent: {}
[48.207016] (-) TimerEvent: {}
[48.324217] (-) TimerEvent: {}
[48.429217] (-) TimerEvent: {}
[48.546718] (-) TimerEvent: {}
[48.651369] (-) TimerEvent: {}
[48.756545] (-) TimerEvent: {}
[48.858508] (-) TimerEvent: {}
[48.962463] (-) TimerEvent: {}
[49.065354] (-) TimerEvent: {}
[49.172361] (-) TimerEvent: {}
[49.308406] (-) TimerEvent: {}
[49.411120] (-) TimerEvent: {}
[49.513367] (-) TimerEvent: {}
[49.615314] (-) TimerEvent: {}
[49.719699] (-) TimerEvent: {}
[49.821869] (-) TimerEvent: {}
[49.927464] (-) TimerEvent: {}
[50.028303] (-) TimerEvent: {}
[50.129041] (-) TimerEvent: {}
[50.235296] (-) TimerEvent: {}
[50.337807] (-) TimerEvent: {}
[50.448740] (-) TimerEvent: {}
[50.553344] (-) TimerEvent: {}
[50.657171] (-) TimerEvent: {}
[50.759425] (-) TimerEvent: {}
[50.863250] (-) TimerEvent: {}
[50.976855] (-) TimerEvent: {}
[51.083292] (-) TimerEvent: {}
[51.184635] (-) TimerEvent: {}
[51.286467] (-) TimerEvent: {}
[51.419001] (-) TimerEvent: {}
[51.520352] (-) TimerEvent: {}
[51.623479] (-) TimerEvent: {}
[51.727297] (-) TimerEvent: {}
[51.829494] (-) TimerEvent: {}
[51.933763] (-) TimerEvent: {}
[52.037295] (-) TimerEvent: {}
[52.138880] (-) TimerEvent: {}
[52.241043] (-) TimerEvent: {}
[52.354391] (-) TimerEvent: {}
[52.470529] (-) TimerEvent: {}
[52.572103] (-) TimerEvent: {}
[52.677654] (-) TimerEvent: {}
[52.780986] (-) TimerEvent: {}
[52.883628] (-) TimerEvent: {}
[52.997096] (-) TimerEvent: {}
[53.099746] (-) TimerEvent: {}
[53.201708] (-) TimerEvent: {}
[53.302690] (-) TimerEvent: {}
[53.405249] (-) TimerEvent: {}
[53.507516] (-) TimerEvent: {}
[53.609106] (-) TimerEvent: {}
[53.710814] (-) TimerEvent: {}
[53.812789] (-) TimerEvent: {}
[53.914482] (-) TimerEvent: {}
[54.017291] (-) TimerEvent: {}
[54.119064] (-) TimerEvent: {}
[54.220204] (-) TimerEvent: {}
[54.321454] (-) TimerEvent: {}
[54.424572] (-) TimerEvent: {}
[54.526260] (-) TimerEvent: {}
[54.627574] (-) TimerEvent: {}
[54.728508] (-) TimerEvent: {}
[54.829320] (-) TimerEvent: {}
[54.931101] (-) TimerEvent: {}
[55.036886] (-) TimerEvent: {}
[55.137998] (-) TimerEvent: {}
[55.239356] (-) TimerEvent: {}
[55.341895] (-) TimerEvent: {}
[55.443889] (-) TimerEvent: {}
[55.544566] (-) TimerEvent: {}
[55.648529] (-) TimerEvent: {}
[55.750802] (-) TimerEvent: {}
[55.852681] (-) TimerEvent: {}
[55.953408] (-) TimerEvent: {}
[56.054457] (-) TimerEvent: {}
[56.156129] (-) TimerEvent: {}
[56.257740] (-) TimerEvent: {}
[56.358574] (-) TimerEvent: {}
[56.464366] (-) TimerEvent: {}
[56.565687] (-) TimerEvent: {}
[56.667474] (-) TimerEvent: {}
[56.770277] (-) TimerEvent: {}
[56.871456] (-) TimerEvent: {}
[56.973100] (-) TimerEvent: {}
[57.074370] (-) TimerEvent: {}
[57.176099] (-) TimerEvent: {}
[57.277321] (-) TimerEvent: {}
[57.378355] (-) TimerEvent: {}
[57.480206] (-) TimerEvent: {}
[57.581020] (-) TimerEvent: {}
[57.682048] (-) TimerEvent: {}
[57.782862] (-) TimerEvent: {}
[57.884227] (-) TimerEvent: {}
[57.985943] (-) TimerEvent: {}
[58.087621] (-) TimerEvent: {}
[58.188865] (-) TimerEvent: {}
[58.290887] (-) TimerEvent: {}
[58.392921] (-) TimerEvent: {}
[58.495929] (-) TimerEvent: {}
[58.597819] (-) TimerEvent: {}
[58.699710] (-) TimerEvent: {}
[58.801382] (-) TimerEvent: {}
[58.902414] (-) TimerEvent: {}
[59.003922] (-) TimerEvent: {}
[59.104937] (-) TimerEvent: {}
[59.206207] (-) TimerEvent: {}
[59.307319] (-) TimerEvent: {}
[59.409243] (-) TimerEvent: {}
[59.512279] (-) TimerEvent: {}
[59.613062] (-) TimerEvent: {}
[59.718021] (-) TimerEvent: {}
[59.819804] (-) TimerEvent: {}
[59.922483] (-) TimerEvent: {}
[60.024744] (-) TimerEvent: {}
[60.128507] (-) TimerEvent: {}
[60.229723] (-) TimerEvent: {}
[60.335016] (-) TimerEvent: {}
[60.438334] (-) TimerEvent: {}
[60.539994] (-) TimerEvent: {}
[60.645674] (-) TimerEvent: {}
[60.747754] (-) TimerEvent: {}
[60.848674] (-) TimerEvent: {}
[60.950297] (-) TimerEvent: {}
[61.051426] (-) TimerEvent: {}
[61.153528] (-) TimerEvent: {}
[61.255754] (-) TimerEvent: {}
[61.356757] (-) TimerEvent: {}
[61.458770] (-) TimerEvent: {}
[61.562499] (-) TimerEvent: {}
[61.669218] (-) TimerEvent: {}
[61.770712] (-) TimerEvent: {}
[61.878102] (-) TimerEvent: {}
[61.982675] (-) TimerEvent: {}
[62.084355] (-) TimerEvent: {}
[62.186436] (-) TimerEvent: {}
[62.290008] (-) TimerEvent: {}
[62.393045] (-) TimerEvent: {}
[62.496287] (-) TimerEvent: {}
[62.597532] (-) TimerEvent: {}
[62.699862] (-) TimerEvent: {}
[62.802008] (-) TimerEvent: {}
[62.904560] (-) TimerEvent: {}
[63.006472] (-) TimerEvent: {}
[63.108590] (-) TimerEvent: {}
[63.209433] (-) TimerEvent: {}
[63.315243] (-) TimerEvent: {}
[63.420727] (-) TimerEvent: {}
[63.522670] (-) TimerEvent: {}
[63.625524] (-) TimerEvent: {}
[63.726512] (-) TimerEvent: {}
[63.829387] (-) TimerEvent: {}
[63.934783] (-) TimerEvent: {}
[64.035868] (-) TimerEvent: {}
[64.136828] (-) TimerEvent: {}
[64.242405] (-) TimerEvent: {}
[64.343912] (-) TimerEvent: {}
[64.448789] (-) TimerEvent: {}
[64.493441] (drive_drone) StdoutLine: {'line': b'[ 25%] \x1b[32m\x1b[1mLinking CXX executable p1_a_drive_node\x1b[0m\n'}
[64.549026] (-) TimerEvent: {}
[64.649896] (-) TimerEvent: {}
[64.751081] (-) TimerEvent: {}
[64.852674] (-) TimerEvent: {}
[64.956047] (-) TimerEvent: {}
[65.059976] (-) TimerEvent: {}
[65.174656] (-) TimerEvent: {}
[65.277926] (-) TimerEvent: {}
[65.379180] (-) TimerEvent: {}
[65.483793] (-) TimerEvent: {}
[65.588884] (-) TimerEvent: {}
[65.691369] (-) TimerEvent: {}
[65.794381] (-) TimerEvent: {}
[65.895652] (-) TimerEvent: {}
[65.997315] (-) TimerEvent: {}
[66.098199] (-) TimerEvent: {}
[66.199085] (-) TimerEvent: {}
[66.301708] (-) TimerEvent: {}
[66.404850] (-) TimerEvent: {}
[66.510198] (-) TimerEvent: {}
[66.611318] (-) TimerEvent: {}
[66.712175] (-) TimerEvent: {}
[66.771785] (drive_drone) StdoutLine: {'line': b'[ 25%] Built target p1_a_drive_node\n'}
[66.812464] (-) TimerEvent: {}
[66.916356] (-) TimerEvent: {}
[67.017513] (-) TimerEvent: {}
[67.107390] (drive_drone) StdoutLine: {'line': b'[ 37%] \x1b[32mBuilding CXX object CMakeFiles/tb3_road_network_mover.dir/src/tb3_road_network_mover.cpp.o\x1b[0m\n'}
[67.117925] (-) TimerEvent: {}
[67.221277] (-) TimerEvent: {}
[67.323094] (-) TimerEvent: {}
[67.426386] (-) TimerEvent: {}
[67.531311] (-) TimerEvent: {}
[67.634058] (-) TimerEvent: {}
[67.736567] (-) TimerEvent: {}
[67.840859] (-) TimerEvent: {}
[67.941754] (-) TimerEvent: {}
[68.044796] (-) TimerEvent: {}
[68.146241] (-) TimerEvent: {}
[68.260383] (-) TimerEvent: {}
[68.363293] (-) TimerEvent: {}
[68.464209] (-) TimerEvent: {}
[68.566498] (-) TimerEvent: {}
[68.667391] (-) TimerEvent: {}
[68.769453] (-) TimerEvent: {}
[68.872278] (-) TimerEvent: {}
[68.973502] (-) TimerEvent: {}
[69.076019] (-) TimerEvent: {}
[69.178329] (-) TimerEvent: {}
[69.279422] (-) TimerEvent: {}
[69.381087] (-) TimerEvent: {}
[69.481930] (-) TimerEvent: {}
[69.585620] (-) TimerEvent: {}
[69.687816] (-) TimerEvent: {}
[69.788669] (-) TimerEvent: {}
[69.889682] (-) TimerEvent: {}
[69.991261] (-) TimerEvent: {}
[70.092678] (-) TimerEvent: {}
[70.193717] (-) TimerEvent: {}
[70.295007] (-) TimerEvent: {}
[70.396293] (-) TimerEvent: {}
[70.500898] (-) TimerEvent: {}
[70.608592] (-) TimerEvent: {}
[70.718482] (-) TimerEvent: {}
[70.829327] (-) TimerEvent: {}
[70.935219] (-) TimerEvent: {}
[71.036702] (-) TimerEvent: {}
[71.145131] (-) TimerEvent: {}
[71.264780] (-) TimerEvent: {}
[71.370211] (-) TimerEvent: {}
[71.477877] (-) TimerEvent: {}
[71.579490] (-) TimerEvent: {}
[71.682336] (-) TimerEvent: {}
[71.785499] (-) TimerEvent: {}
[71.888447] (-) TimerEvent: {}
[71.992986] (-) TimerEvent: {}
[72.093948] (-) TimerEvent: {}
[72.194799] (-) TimerEvent: {}
[72.298207] (-) TimerEvent: {}
[72.405101] (-) TimerEvent: {}
[72.507077] (-) TimerEvent: {}
[72.613402] (-) TimerEvent: {}
[72.721595] (-) TimerEvent: {}
[72.825801] (-) TimerEvent: {}
[72.932665] (-) TimerEvent: {}
[73.159586] (-) TimerEvent: {}
[73.268880] (-) TimerEvent: {}
[73.374495] (-) TimerEvent: {}
[73.488367] (-) TimerEvent: {}
[73.590003] (-) TimerEvent: {}
[73.693362] (-) TimerEvent: {}
[73.796098] (-) TimerEvent: {}
[73.902687] (-) TimerEvent: {}
[74.009364] (-) TimerEvent: {}
[74.111821] (-) TimerEvent: {}
[74.218915] (-) TimerEvent: {}
[74.321765] (-) TimerEvent: {}
[74.425073] (-) TimerEvent: {}
[74.528349] (-) TimerEvent: {}
[74.631969] (-) TimerEvent: {}
[74.736444] (-) TimerEvent: {}
[74.839381] (-) TimerEvent: {}
[74.949208] (-) TimerEvent: {}
[75.059402] (-) TimerEvent: {}
[75.163594] (-) TimerEvent: {}
[75.270818] (-) TimerEvent: {}
[75.377334] (-) TimerEvent: {}
[75.480676] (-) TimerEvent: {}
[75.584712] (-) TimerEvent: {}
[75.690129] (-) TimerEvent: {}
[75.792421] (-) TimerEvent: {}
[75.897227] (-) TimerEvent: {}
[75.998046] (-) TimerEvent: {}
[76.099524] (-) TimerEvent: {}
[76.206454] (-) TimerEvent: {}
[76.310425] (-) TimerEvent: {}
[76.418304] (-) TimerEvent: {}
[76.519424] (-) TimerEvent: {}
[76.626362] (-) TimerEvent: {}
[76.727482] (-) TimerEvent: {}
[76.830759] (-) TimerEvent: {}
[76.935683] (-) TimerEvent: {}
[77.046683] (-) TimerEvent: {}
[77.152939] (-) TimerEvent: {}
[77.256551] (-) TimerEvent: {}
[77.363012] (-) TimerEvent: {}
[77.470124] (-) TimerEvent: {}
[77.573332] (-) TimerEvent: {}
[77.679338] (-) TimerEvent: {}
[77.781037] (-) TimerEvent: {}
[77.881871] (-) TimerEvent: {}
[77.984585] (-) TimerEvent: {}
[78.089611] (-) TimerEvent: {}
[78.191434] (-) TimerEvent: {}
[78.300968] (-) TimerEvent: {}
[78.404554] (-) TimerEvent: {}
[78.506503] (-) TimerEvent: {}
[78.615812] (-) TimerEvent: {}
[78.721789] (-) TimerEvent: {}
[78.823068] (-) TimerEvent: {}
[78.924076] (-) TimerEvent: {}
[79.027286] (-) TimerEvent: {}
[79.128683] (-) TimerEvent: {}
[79.232494] (-) TimerEvent: {}
[79.338541] (-) TimerEvent: {}
[79.450266] (-) TimerEvent: {}
[79.602329] (-) TimerEvent: {}
[79.704945] (-) TimerEvent: {}
[79.821064] (-) TimerEvent: {}
[79.926316] (-) TimerEvent: {}
[80.027628] (-) TimerEvent: {}
[80.129004] (-) TimerEvent: {}
[80.233090] (-) TimerEvent: {}
[80.336760] (-) TimerEvent: {}
[80.439290] (-) TimerEvent: {}
[80.540484] (-) TimerEvent: {}
[80.644027] (-) TimerEvent: {}
[80.746993] (-) TimerEvent: {}
[80.852118] (-) TimerEvent: {}
[80.955010] (-) TimerEvent: {}
[81.056210] (-) TimerEvent: {}
[81.161590] (-) TimerEvent: {}
[81.293302] (-) TimerEvent: {}
[81.405179] (-) TimerEvent: {}
[81.511298] (-) TimerEvent: {}
[81.613514] (-) TimerEvent: {}
[81.722926] (-) TimerEvent: {}
[81.831474] (-) TimerEvent: {}
[81.939574] (-) TimerEvent: {}
[82.051379] (-) TimerEvent: {}
[82.156462] (-) TimerEvent: {}
[82.267477] (-) TimerEvent: {}
[82.378486] (-) TimerEvent: {}
[82.479528] (-) TimerEvent: {}
[82.582297] (-) TimerEvent: {}
[82.683949] (-) TimerEvent: {}
[82.788634] (-) TimerEvent: {}
[82.898269] (-) TimerEvent: {}
[83.012587] (-) TimerEvent: {}
[83.117035] (-) TimerEvent: {}
[83.221530] (-) TimerEvent: {}
[83.325992] (-) TimerEvent: {}
[83.430588] (-) TimerEvent: {}
[83.534520] (-) TimerEvent: {}
[83.636453] (-) TimerEvent: {}
[83.739295] (-) TimerEvent: {}
[83.840398] (-) TimerEvent: {}
[83.944489] (-) TimerEvent: {}
[84.049616] (-) TimerEvent: {}
[84.150546] (-) TimerEvent: {}
[84.254707] (-) TimerEvent: {}
[84.356300] (-) TimerEvent: {}
[84.488322] (-) TimerEvent: {}
[84.593102] (-) TimerEvent: {}
[84.716503] (-) TimerEvent: {}
[84.818105] (-) TimerEvent: {}
[84.928502] (-) TimerEvent: {}
[85.033401] (-) TimerEvent: {}
[85.134572] (-) TimerEvent: {}
[85.241398] (-) TimerEvent: {}
[85.351104] (-) TimerEvent: {}
[85.459089] (-) TimerEvent: {}
[85.566752] (-) TimerEvent: {}
[85.671480] (-) TimerEvent: {}
[85.775859] (-) TimerEvent: {}
[85.884692] (-) TimerEvent: {}
[85.990684] (-) TimerEvent: {}
[86.094952] (-) TimerEvent: {}
[86.196916] (-) TimerEvent: {}
[86.300489] (-) TimerEvent: {}
[86.414482] (-) TimerEvent: {}
[86.515514] (-) TimerEvent: {}
[86.619432] (-) TimerEvent: {}
[86.724395] (-) TimerEvent: {}
[86.829648] (-) TimerEvent: {}
[86.936657] (-) TimerEvent: {}
[87.037838] (-) TimerEvent: {}
[87.143083] (-) TimerEvent: {}
[87.245388] (-) TimerEvent: {}
[87.349348] (-) TimerEvent: {}
[87.466405] (-) TimerEvent: {}
[87.570495] (-) TimerEvent: {}
[87.676379] (-) TimerEvent: {}
[87.785609] (-) TimerEvent: {}
[87.889861] (-) TimerEvent: {}
[88.118342] (-) TimerEvent: {}
[88.233651] (-) TimerEvent: {}
[88.337370] (-) TimerEvent: {}
[88.439459] (-) TimerEvent: {}
[88.544513] (-) TimerEvent: {}
[88.656002] (-) TimerEvent: {}
[88.757351] (-) TimerEvent: {}
[88.864307] (-) TimerEvent: {}
[88.966425] (-) TimerEvent: {}
[89.071484] (-) TimerEvent: {}
[89.173344] (-) TimerEvent: {}
[89.276342] (-) TimerEvent: {}
[89.377395] (-) TimerEvent: {}
[89.481526] (-) TimerEvent: {}
[89.589444] (-) TimerEvent: {}
[89.702981] (-) TimerEvent: {}
[89.807066] (-) TimerEvent: {}
[89.910027] (-) TimerEvent: {}
[90.014115] (-) TimerEvent: {}
[90.118680] (-) TimerEvent: {}
[90.221911] (-) TimerEvent: {}
[90.326571] (-) TimerEvent: {}
[90.436346] (-) TimerEvent: {}
[90.560381] (-) TimerEvent: {}
[90.668518] (-) TimerEvent: {}
[90.772077] (-) TimerEvent: {}
[90.877805] (-) TimerEvent: {}
[90.979925] (-) TimerEvent: {}
[91.083996] (-) TimerEvent: {}
[91.188698] (-) TimerEvent: {}
[91.293299] (-) TimerEvent: {}
[91.395964] (-) TimerEvent: {}
[91.498427] (-) TimerEvent: {}
[91.604513] (-) TimerEvent: {}
[91.706672] (-) TimerEvent: {}
[91.810305] (-) TimerEvent: {}
[91.911278] (-) TimerEvent: {}
[92.016909] (-) TimerEvent: {}
[92.119003] (-) TimerEvent: {}
[92.222037] (-) TimerEvent: {}
[92.325470] (-) TimerEvent: {}
[92.431942] (-) TimerEvent: {}
[92.551864] (-) TimerEvent: {}
[92.656594] (-) TimerEvent: {}
[92.764462] (-) TimerEvent: {}
[92.869717] (-) TimerEvent: {}
[92.973331] (-) TimerEvent: {}
[93.089521] (-) TimerEvent: {}
[93.196317] (-) TimerEvent: {}
[93.303330] (-) TimerEvent: {}
[93.405299] (-) TimerEvent: {}
[93.518511] (-) TimerEvent: {}
[93.635345] (-) TimerEvent: {}
[93.738009] (-) TimerEvent: {}
[93.843332] (-) TimerEvent: {}
[93.956547] (-) TimerEvent: {}
[94.064499] (-) TimerEvent: {}
[94.180684] (-) TimerEvent: {}
[94.288218] (-) TimerEvent: {}
[94.400502] (-) TimerEvent: {}
[94.511313] (-) TimerEvent: {}
[94.621576] (-) TimerEvent: {}
[94.733516] (-) TimerEvent: {}
[94.834522] (-) TimerEvent: {}
[94.940802] (-) TimerEvent: {}
[95.050875] (-) TimerEvent: {}
[95.181604] (-) TimerEvent: {}
[95.298803] (-) TimerEvent: {}
[95.457498] (-) TimerEvent: {}
[95.575835] (-) TimerEvent: {}
[95.678837] (-) TimerEvent: {}
[95.785008] (-) TimerEvent: {}
[95.906771] (-) TimerEvent: {}
[96.018487] (-) TimerEvent: {}
[96.122614] (-) TimerEvent: {}
[96.226025] (-) TimerEvent: {}
[96.331379] (-) TimerEvent: {}
[96.435059] (-) TimerEvent: {}
[96.547320] (-) TimerEvent: {}
[96.649707] (-) TimerEvent: {}
[96.752647] (-) TimerEvent: {}
[96.923300] (-) TimerEvent: {}
[97.030427] (-) TimerEvent: {}
[97.134519] (-) TimerEvent: {}
[97.240276] (-) TimerEvent: {}
[97.345109] (-) TimerEvent: {}
[97.447491] (-) TimerEvent: {}
[97.553302] (-) TimerEvent: {}
[97.655976] (-) TimerEvent: {}
[97.758471] (-) TimerEvent: {}
[97.861306] (-) TimerEvent: {}
[97.986253] (-) TimerEvent: {}
[98.087326] (-) TimerEvent: {}
[98.188244] (-) TimerEvent: {}
[98.308070] (-) TimerEvent: {}
[98.441268] (-) TimerEvent: {}
[98.547323] (-) TimerEvent: {}
[98.651492] (-) TimerEvent: {}
[98.767353] (-) TimerEvent: {}
[98.870300] (-) TimerEvent: {}
[98.971321] (-) TimerEvent: {}
[99.080904] (-) TimerEvent: {}
[99.182130] (-) TimerEvent: {}
[99.288296] (-) TimerEvent: {}
[99.396393] (-) TimerEvent: {}
[99.498307] (-) TimerEvent: {}
[99.599283] (-) TimerEvent: {}
[99.702254] (-) TimerEvent: {}
[99.806977] (-) TimerEvent: {}
[99.919305] (-) TimerEvent: {}
[100.020208] (-) TimerEvent: {}
[100.121474] (-) TimerEvent: {}
[100.227453] (-) TimerEvent: {}
[100.332826] (-) TimerEvent: {}
[100.435910] (-) TimerEvent: {}
[100.543718] (-) TimerEvent: {}
[100.648592] (-) TimerEvent: {}
[100.752330] (-) TimerEvent: {}
[100.856065] (-) TimerEvent: {}
[100.963297] (-) TimerEvent: {}
[101.068017] (-) TimerEvent: {}
[101.173553] (-) TimerEvent: {}
[101.276631] (-) TimerEvent: {}
[101.380459] (-) TimerEvent: {}
[101.502493] (-) TimerEvent: {}
[101.631328] (-) TimerEvent: {}
[101.734546] (-) TimerEvent: {}
[101.847381] (-) TimerEvent: {}
[101.952844] (-) TimerEvent: {}
[102.056618] (-) TimerEvent: {}
[102.161019] (-) TimerEvent: {}
[102.266606] (-) TimerEvent: {}
[102.370813] (-) TimerEvent: {}
[102.484363] (-) TimerEvent: {}
[102.585487] (-) TimerEvent: {}
[102.687391] (-) TimerEvent: {}
[102.981290] (-) TimerEvent: {}
[103.144373] (-) TimerEvent: {}
[103.250453] (-) TimerEvent: {}
[103.352575] (-) TimerEvent: {}
[103.457174] (-) TimerEvent: {}
[103.559485] (-) TimerEvent: {}
[103.665956] (-) TimerEvent: {}
[103.775425] (-) TimerEvent: {}
[103.901774] (-) TimerEvent: {}
[104.008908] (-) TimerEvent: {}
[104.117430] (-) TimerEvent: {}
[104.223441] (-) TimerEvent: {}
[104.329643] (-) TimerEvent: {}
[104.435318] (-) TimerEvent: {}
[104.561577] (-) TimerEvent: {}
[104.697769] (-) TimerEvent: {}
[104.809656] (-) TimerEvent: {}
[104.996084] (-) TimerEvent: {}
[105.111302] (-) TimerEvent: {}
[105.212791] (-) TimerEvent: {}
[105.319618] (-) TimerEvent: {}
[105.424310] (-) TimerEvent: {}
[105.526300] (-) TimerEvent: {}
[105.627251] (-) TimerEvent: {}
[105.729019] (-) TimerEvent: {}
[105.831904] (-) TimerEvent: {}
[105.937299] (-) TimerEvent: {}
[106.038438] (-) TimerEvent: {}
[106.142441] (-) TimerEvent: {}
[106.256318] (-) TimerEvent: {}
[106.357327] (-) TimerEvent: {}
[106.459053] (-) TimerEvent: {}
[106.566299] (-) TimerEvent: {}
[106.668636] (-) TimerEvent: {}
[106.772635] (-) TimerEvent: {}
[106.874064] (-) TimerEvent: {}
[106.977290] (-) TimerEvent: {}
[107.089675] (-) TimerEvent: {}
[107.192587] (-) TimerEvent: {}
[107.299254] (-) TimerEvent: {}
[107.403312] (-) TimerEvent: {}
[107.505533] (-) TimerEvent: {}
[107.612100] (-) TimerEvent: {}
[107.719658] (-) TimerEvent: {}
[107.831676] (-) TimerEvent: {}
[107.940933] (-) TimerEvent: {}
[108.052036] (-) TimerEvent: {}
[108.156873] (-) TimerEvent: {}
[108.259981] (-) TimerEvent: {}
[108.374398] (-) TimerEvent: {}
[108.477420] (-) TimerEvent: {}
[108.581969] (-) TimerEvent: {}
[108.693361] (-) TimerEvent: {}
[108.795473] (-) TimerEvent: {}
[108.898016] (-) TimerEvent: {}
[109.001856] (-) TimerEvent: {}
[109.107993] (-) TimerEvent: {}
[109.392292] (-) TimerEvent: {}
[109.498615] (-) TimerEvent: {}
[109.616043] (-) TimerEvent: {}
[109.717084] (-) TimerEvent: {}
[109.823304] (-) TimerEvent: {}
[109.924480] (-) TimerEvent: {}
[110.030776] (-) TimerEvent: {}
[110.133225] (-) TimerEvent: {}
[110.237259] (-) TimerEvent: {}
[110.344329] (-) TimerEvent: {}
[110.446895] (-) TimerEvent: {}
[110.554817] (-) TimerEvent: {}
[110.665309] (-) TimerEvent: {}
[110.768298] (-) TimerEvent: {}
[110.871116] (-) TimerEvent: {}
[110.978733] (-) TimerEvent: {}
[111.082618] (-) TimerEvent: {}
[111.188301] (-) TimerEvent: {}
[111.290710] (-) TimerEvent: {}
[111.398396] (-) TimerEvent: {}
[111.500394] (-) TimerEvent: {}
[111.602599] (-) TimerEvent: {}
[111.706400] (-) TimerEvent: {}
[111.812454] (-) TimerEvent: {}
[111.919049] (-) TimerEvent: {}
[112.020251] (-) TimerEvent: {}
[112.125105] (-) TimerEvent: {}
[112.226775] (-) TimerEvent: {}
[112.330385] (-) TimerEvent: {}
[112.431250] (-) TimerEvent: {}
[112.537729] (-) TimerEvent: {}
[112.642326] (-) TimerEvent: {}
[112.745297] (-) TimerEvent: {}
[112.846320] (-) TimerEvent: {}
[112.949464] (-) TimerEvent: {}
[113.054834] (-) TimerEvent: {}
[113.166488] (-) TimerEvent: {}
[113.272212] (-) TimerEvent: {}
[113.379461] (-) TimerEvent: {}
[113.491600] (-) TimerEvent: {}
[113.606936] (-) TimerEvent: {}
[113.711513] (-) TimerEvent: {}
[113.824296] (-) TimerEvent: {}
[113.925253] (-) TimerEvent: {}
[114.032580] (-) TimerEvent: {}
[114.136478] (-) TimerEvent: {}
[114.243374] (-) TimerEvent: {}
[114.347305] (-) TimerEvent: {}
[114.450032] (-) TimerEvent: {}
[114.552847] (-) TimerEvent: {}
[114.653764] (-) TimerEvent: {}
[114.757584] (-) TimerEvent: {}
[114.864997] (-) TimerEvent: {}
[114.969559] (-) TimerEvent: {}
[115.070880] (-) TimerEvent: {}
[115.179365] (-) TimerEvent: {}
[115.283440] (-) TimerEvent: {}
[115.394954] (-) TimerEvent: {}
[115.512459] (-) TimerEvent: {}
[115.613962] (-) TimerEvent: {}
[115.723502] (-) TimerEvent: {}
[115.837563] (-) TimerEvent: {}
[115.945758] (-) TimerEvent: {}
[116.047826] (-) TimerEvent: {}
[116.318937] (-) TimerEvent: {}
[116.451347] (-) TimerEvent: {}
[116.556517] (-) TimerEvent: {}
[116.707995] (-) TimerEvent: {}
[116.820060] (-) TimerEvent: {}
[116.920971] (-) TimerEvent: {}
[117.026273] (-) TimerEvent: {}
[117.129290] (-) TimerEvent: {}
[117.230766] (-) TimerEvent: {}
[117.334546] (-) TimerEvent: {}
[117.438750] (-) TimerEvent: {}
[117.545474] (-) TimerEvent: {}
[117.649313] (-) TimerEvent: {}
[117.752293] (-) TimerEvent: {}
[117.853958] (-) TimerEvent: {}
[117.957070] (-) TimerEvent: {}
[118.064467] (-) TimerEvent: {}
[118.171653] (-) TimerEvent: {}
[118.286378] (-) TimerEvent: {}
[118.440125] (-) TimerEvent: {}
[118.542310] (-) TimerEvent: {}
[118.645688] (-) TimerEvent: {}
[118.747032] (-) TimerEvent: {}
[118.852495] (-) TimerEvent: {}
[118.956331] (-) TimerEvent: {}
[119.060352] (-) TimerEvent: {}
[119.164784] (-) TimerEvent: {}
[119.265657] (-) TimerEvent: {}
[119.366673] (-) TimerEvent: {}
[119.469562] (-) TimerEvent: {}
[119.571231] (-) TimerEvent: {}
[119.676183] (-) TimerEvent: {}
[119.777441] (-) TimerEvent: {}
[119.878851] (-) TimerEvent: {}
[119.979831] (-) TimerEvent: {}
[120.086176] (-) TimerEvent: {}
[120.189482] (-) TimerEvent: {}
[120.291352] (-) TimerEvent: {}
[120.397419] (-) TimerEvent: {}
[120.502316] (-) TimerEvent: {}
[120.604448] (-) TimerEvent: {}
[120.707800] (-) TimerEvent: {}
[120.828851] (-) TimerEvent: {}
[120.929737] (-) TimerEvent: {}
[121.035534] (-) TimerEvent: {}
[121.139670] (-) TimerEvent: {}
[121.247284] (-) TimerEvent: {}
[121.362331] (-) TimerEvent: {}
[121.475835] (-) TimerEvent: {}
[121.584654] (-) TimerEvent: {}
[121.688310] (-) TimerEvent: {}
[121.792433] (-) TimerEvent: {}
[121.896537] (-) TimerEvent: {}
[121.999108] (-) TimerEvent: {}
[122.101169] (-) TimerEvent: {}
[122.211289] (-) TimerEvent: {}
[122.313965] (-) TimerEvent: {}
[122.419313] (-) TimerEvent: {}
[122.522527] (-) TimerEvent: {}
[122.631081] (-) TimerEvent: {}
[122.743675] (-) TimerEvent: {}
[122.851275] (-) TimerEvent: {}
[122.963838] (-) TimerEvent: {}
[123.162524] (-) TimerEvent: {}
[123.269886] (-) TimerEvent: {}
[123.374522] (-) TimerEvent: {}
[123.483697] (-) TimerEvent: {}
[123.585519] (-) TimerEvent: {}
[123.694597] (-) TimerEvent: {}
[123.796806] (-) TimerEvent: {}
[123.900804] (-) TimerEvent: {}
[124.005826] (-) TimerEvent: {}
[124.113629] (-) TimerEvent: {}
[124.215620] (-) TimerEvent: {}
[124.326284] (-) TimerEvent: {}
[124.427266] (-) TimerEvent: {}
[124.533192] (-) TimerEvent: {}
[124.637283] (-) TimerEvent: {}
[124.738878] (-) TimerEvent: {}
[124.847309] (-) TimerEvent: {}
[124.949486] (-) TimerEvent: {}
[125.052910] (-) TimerEvent: {}
[125.161664] (-) TimerEvent: {}
[125.266168] (-) TimerEvent: {}
[125.377362] (-) TimerEvent: {}
[125.481206] (-) TimerEvent: {}
[125.588543] (-) TimerEvent: {}
[125.689590] (-) TimerEvent: {}
[125.796501] (-) TimerEvent: {}
[125.898500] (-) TimerEvent: {}
[126.008491] (-) TimerEvent: {}
[126.110679] (-) TimerEvent: {}
[126.213799] (-) TimerEvent: {}
[126.319454] (-) TimerEvent: {}
[126.431459] (-) TimerEvent: {}
[126.532937] (-) TimerEvent: {}
[126.637536] (-) TimerEvent: {}
[126.824413] (-) TimerEvent: {}
[126.930520] (-) TimerEvent: {}
[127.044470] (-) TimerEvent: {}
[127.145721] (-) TimerEvent: {}
[127.251866] (-) TimerEvent: {}
[127.370357] (-) TimerEvent: {}
[127.471274] (-) TimerEvent: {}
[127.573353] (-) TimerEvent: {}
[127.680294] (-) TimerEvent: {}
[127.781900] (-) TimerEvent: {}
[127.885799] (-) TimerEvent: {}
[127.986642] (-) TimerEvent: {}
[128.089961] (-) TimerEvent: {}
[128.192516] (-) TimerEvent: {}
[128.300281] (-) TimerEvent: {}
[128.402765] (-) TimerEvent: {}
[128.507180] (-) TimerEvent: {}
[128.608816] (-) TimerEvent: {}
[128.711534] (-) TimerEvent: {}
[128.813481] (-) TimerEvent: {}
[128.921311] (-) TimerEvent: {}
[129.022542] (-) TimerEvent: {}
[129.126826] (-) TimerEvent: {}
[129.230510] (-) TimerEvent: {}
[129.334586] (-) TimerEvent: {}
[129.440296] (-) TimerEvent: {}
[129.543805] (-) TimerEvent: {}
[129.646304] (-) TimerEvent: {}
[129.747493] (-) TimerEvent: {}
[129.855842] (-) TimerEvent: {}
[129.967478] (-) TimerEvent: {}
[130.083849] (-) TimerEvent: {}
[130.189384] (-) TimerEvent: {}
[130.296004] (-) TimerEvent: {}
[130.409968] (-) TimerEvent: {}
[130.532297] (-) TimerEvent: {}
[130.633316] (-) TimerEvent: {}
[130.736332] (-) TimerEvent: {}
[130.838418] (-) TimerEvent: {}
[130.943824] (-) TimerEvent: {}
[131.054464] (-) TimerEvent: {}
[131.156430] (-) TimerEvent: {}
[131.260303] (-) TimerEvent: {}
[131.361655] (-) TimerEvent: {}
[131.468349] (-) TimerEvent: {}
[131.580799] (-) TimerEvent: {}
[131.687052] (-) TimerEvent: {}
[131.788058] (-) TimerEvent: {}
[131.892549] (-) TimerEvent: {}
[131.998615] (-) TimerEvent: {}
[132.104500] (-) TimerEvent: {}
[132.205971] (-) TimerEvent: {}
[132.311329] (-) TimerEvent: {}
[132.412539] (-) TimerEvent: {}
[132.518944] (-) TimerEvent: {}
[132.646333] (-) TimerEvent: {}
[132.751308] (-) TimerEvent: {}
[132.854043] (-) TimerEvent: {}
[132.960302] (-) TimerEvent: {}
[133.063326] (-) TimerEvent: {}
[133.168991] (-) TimerEvent: {}
[133.270966] (-) TimerEvent: {}
[133.373475] (-) TimerEvent: {}
[133.478636] (-) TimerEvent: {}
[133.583760] (-) TimerEvent: {}
[133.688682] (-) TimerEvent: {}
[133.791332] (-) TimerEvent: {}
[133.892299] (-) TimerEvent: {}
[133.993212] (-) TimerEvent: {}
[134.097447] (-) TimerEvent: {}
[134.208508] (-) TimerEvent: {}
[134.309449] (-) TimerEvent: {}
[134.415595] (-) TimerEvent: {}
[134.795000] (-) TimerEvent: {}
[134.897817] (-) TimerEvent: {}
[135.036825] (-) TimerEvent: {}
[135.157869] (-) TimerEvent: {}
[135.286254] (-) TimerEvent: {}
[135.394765] (-) TimerEvent: {}
[135.504329] (-) TimerEvent: {}
[135.605797] (-) TimerEvent: {}
[135.712267] (-) TimerEvent: {}
[135.815291] (-) TimerEvent: {}
[135.918718] (-) TimerEvent: {}
[136.029281] (-) TimerEvent: {}
[136.130172] (-) TimerEvent: {}
[136.238295] (-) TimerEvent: {}
[136.344535] (-) TimerEvent: {}
[136.446738] (-) TimerEvent: {}
[136.552313] (-) TimerEvent: {}
[136.653991] (-) TimerEvent: {}
[136.762627] (-) TimerEvent: {}
[136.867036] (-) TimerEvent: {}
[136.970853] (-) TimerEvent: {}
[137.076308] (-) TimerEvent: {}
[137.178220] (-) TimerEvent: {}
[137.283303] (-) TimerEvent: {}
[137.412292] (-) TimerEvent: {}
[137.517401] (-) TimerEvent: {}
[137.620287] (-) TimerEvent: {}
[137.721339] (-) TimerEvent: {}
[137.833892] (-) TimerEvent: {}
[137.937208] (-) TimerEvent: {}
[138.042909] (-) TimerEvent: {}
[138.147501] (-) TimerEvent: {}
[138.255878] (-) TimerEvent: {}
[138.358539] (-) TimerEvent: {}
[138.474355] (-) TimerEvent: {}
[138.576088] (-) TimerEvent: {}
[138.677012] (-) TimerEvent: {}
[138.778284] (-) TimerEvent: {}
[138.879503] (-) TimerEvent: {}
[138.988354] (-) TimerEvent: {}
[139.092309] (-) TimerEvent: {}
[139.207347] (-) TimerEvent: {}
[139.309465] (-) TimerEvent: {}
[139.412640] (-) TimerEvent: {}
[139.524765] (-) TimerEvent: {}
[139.629433] (-) TimerEvent: {}
[139.730551] (-) TimerEvent: {}
[139.832301] (-) TimerEvent: {}
[139.933302] (-) TimerEvent: {}
[140.036296] (-) TimerEvent: {}
[140.137333] (-) TimerEvent: {}
[140.238530] (-) TimerEvent: {}
[140.340505] (-) TimerEvent: {}
[140.443203] (-) TimerEvent: {}
[140.546717] (-) TimerEvent: {}
[140.648396] (-) TimerEvent: {}
[140.757355] (-) TimerEvent: {}
[140.861093] (-) TimerEvent: {}
[140.971361] (-) TimerEvent: {}
[141.072519] (-) TimerEvent: {}
[141.177309] (-) TimerEvent: {}
[141.279311] (-) TimerEvent: {}
[141.380642] (-) TimerEvent: {}
[141.482486] (-) TimerEvent: {}
[141.587612] (-) TimerEvent: {}
[141.698522] (-) TimerEvent: {}
[141.805431] (-) TimerEvent: {}
[141.909896] (-) TimerEvent: {}
[142.052372] (-) TimerEvent: {}
[142.153336] (-) TimerEvent: {}
[142.365958] (-) TimerEvent: {}
[142.470367] (-) TimerEvent: {}
[142.573972] (-) TimerEvent: {}
[142.681070] (-) TimerEvent: {}
[142.785296] (-) TimerEvent: {}
[142.888301] (-) TimerEvent: {}
[142.989284] (-) TimerEvent: {}
[143.092978] (-) TimerEvent: {}
[143.221370] (-) TimerEvent: {}
[143.328438] (-) TimerEvent: {}
[143.437486] (-) TimerEvent: {}
[143.546329] (-) TimerEvent: {}
[143.651403] (-) TimerEvent: {}
[143.753455] (-) TimerEvent: {}
[143.870513] (-) TimerEvent: {}
[143.976475] (-) TimerEvent: {}
[144.086486] (-) TimerEvent: {}
[144.191479] (-) TimerEvent: {}
[144.305194] (-) TimerEvent: {}
[144.408505] (-) TimerEvent: {}
[144.513472] (-) TimerEvent: {}
[144.616820] (-) TimerEvent: {}
[144.722519] (-) TimerEvent: {}
[144.829071] (-) TimerEvent: {}
[144.934479] (-) TimerEvent: {}
[145.042730] (-) TimerEvent: {}
[145.150724] (-) TimerEvent: {}
[145.253980] (-) TimerEvent: {}
[145.366441] (-) TimerEvent: {}
[145.470464] (-) TimerEvent: {}
[145.583463] (-) TimerEvent: {}
[145.690900] (-) TimerEvent: {}
[145.799490] (-) TimerEvent: {}
[145.903314] (-) TimerEvent: {}
[146.004312] (-) TimerEvent: {}
[146.109581] (-) TimerEvent: {}
[146.217102] (-) TimerEvent: {}
[146.349110] (-) TimerEvent: {}
[146.450352] (-) TimerEvent: {}
[146.556358] (-) TimerEvent: {}
[146.658085] (-) TimerEvent: {}
[146.761883] (-) TimerEvent: {}
[146.867454] (-) TimerEvent: {}
[146.977552] (-) TimerEvent: {}
[147.086963] (-) TimerEvent: {}
[147.192436] (-) TimerEvent: {}
[147.299952] (-) TimerEvent: {}
[147.410473] (-) TimerEvent: {}
[147.534231] (-) TimerEvent: {}
[147.638279] (-) TimerEvent: {}
[147.741390] (-) TimerEvent: {}
[147.842492] (-) TimerEvent: {}
[147.943613] (-) TimerEvent: {}
[148.048329] (-) TimerEvent: {}
[148.149558] (-) TimerEvent: {}
[148.251310] (-) TimerEvent: {}
[148.360080] (-) TimerEvent: {}
[148.464923] (-) TimerEvent: {}
[148.573771] (-) TimerEvent: {}
[148.683877] (-) TimerEvent: {}
[148.793342] (-) TimerEvent: {}
[148.894522] (-) TimerEvent: {}
[148.995663] (-) TimerEvent: {}
[149.102813] (-) TimerEvent: {}
[149.206203] (-) TimerEvent: {}
[149.327663] (-) TimerEvent: {}
[149.436593] (-) TimerEvent: {}
[149.555731] (-) TimerEvent: {}
[149.660710] (-) TimerEvent: {}
[149.767295] (-) TimerEvent: {}
[149.868765] (-) TimerEvent: {}
[149.973314] (-) TimerEvent: {}
[150.079955] (-) TimerEvent: {}
[150.182085] (-) TimerEvent: {}
[150.289525] (-) TimerEvent: {}
[150.392751] (-) TimerEvent: {}
[150.495360] (-) TimerEvent: {}
[150.598659] (-) TimerEvent: {}
[150.700444] (-) TimerEvent: {}
[150.803514] (-) TimerEvent: {}
[150.905380] (-) TimerEvent: {}
[151.011771] (-) TimerEvent: {}
[151.113028] (-) TimerEvent: {}
[151.217793] (-) TimerEvent: {}
[151.321897] (-) TimerEvent: {}
[151.424314] (-) TimerEvent: {}
[151.531293] (-) TimerEvent: {}
[151.635526] (-) TimerEvent: {}
[151.738439] (-) TimerEvent: {}
[151.849791] (-) TimerEvent: {}
[151.956520] (-) TimerEvent: {}
[152.062310] (-) TimerEvent: {}
[152.171308] (-) TimerEvent: {}
[152.272392] (-) TimerEvent: {}
[152.374255] (-) TimerEvent: {}
[152.475459] (-) TimerEvent: {}
[152.582131] (-) TimerEvent: {}
[152.687776] (-) TimerEvent: {}
[152.830560] (-) TimerEvent: {}
[152.936304] (-) TimerEvent: {}
[153.037541] (-) TimerEvent: {}
[153.151821] (-) TimerEvent: {}
[153.254374] (-) TimerEvent: {}
[153.364385] (-) TimerEvent: {}
[153.472500] (-) TimerEvent: {}
[153.643385] (-) TimerEvent: {}
[153.767595] (-) TimerEvent: {}
[153.869925] (-) TimerEvent: {}
[153.975691] (-) TimerEvent: {}
[154.085663] (-) TimerEvent: {}
[154.194519] (-) TimerEvent: {}
[154.306301] (-) TimerEvent: {}
[154.409303] (-) TimerEvent: {}
[154.521333] (-) TimerEvent: {}
[154.626304] (-) TimerEvent: {}
[154.727223] (-) TimerEvent: {}
[154.830583] (-) TimerEvent: {}
[154.932567] (-) TimerEvent: {}
[155.041251] (-) TimerEvent: {}
[155.142392] (-) TimerEvent: {}
[155.248857] (-) TimerEvent: {}
[155.351951] (-) TimerEvent: {}
[155.467215] (-) TimerEvent: {}
[155.568112] (-) TimerEvent: {}
[155.669051] (-) TimerEvent: {}
[155.775511] (-) TimerEvent: {}
[155.876318] (-) TimerEvent: {}
[155.977323] (-) TimerEvent: {}
[156.082513] (-) TimerEvent: {}
[156.189542] (-) TimerEvent: {}
[156.290436] (-) TimerEvent: {}
[156.393993] (-) TimerEvent: {}
[156.496613] (-) TimerEvent: {}
[156.603455] (-) TimerEvent: {}
[156.711528] (-) TimerEvent: {}
[156.815341] (-) TimerEvent: {}
[156.917421] (-) TimerEvent: {}
[157.022283] (-) TimerEvent: {}
[157.132666] (-) TimerEvent: {}
[157.234302] (-) TimerEvent: {}
[157.340387] (-) TimerEvent: {}
[157.443755] (-) TimerEvent: {}
[157.547301] (-) TimerEvent: {}
[157.650952] (-) TimerEvent: {}
[157.758522] (-) TimerEvent: {}
[157.872596] (-) TimerEvent: {}
[157.986077] (-) TimerEvent: {}
[158.092723] (-) TimerEvent: {}
[158.201422] (-) TimerEvent: {}
[158.306550] (-) TimerEvent: {}
[158.408247] (-) TimerEvent: {}
[158.511714] (-) TimerEvent: {}
[158.619245] (-) TimerEvent: {}
[158.721804] (-) TimerEvent: {}
[158.826042] (-) TimerEvent: {}
[158.927235] (-) TimerEvent: {}
[159.030359] (-) TimerEvent: {}
[159.131221] (-) TimerEvent: {}
[159.233247] (-) TimerEvent: {}
[159.335600] (-) TimerEvent: {}
[159.439792] (-) TimerEvent: {}
[159.546530] (-) TimerEvent: {}
[159.653678] (-) TimerEvent: {}
[159.764893] (-) TimerEvent: {}
[159.872552] (-) TimerEvent: {}
[159.976901] (-) TimerEvent: {}
[160.208482] (-) TimerEvent: {}
[160.309895] (-) TimerEvent: {}
[160.415568] (-) TimerEvent: {}
[160.517403] (-) TimerEvent: {}
[160.623473] (-) TimerEvent: {}
[160.737072] (-) TimerEvent: {}
[160.839693] (-) TimerEvent: {}
[160.942403] (-) TimerEvent: {}
[161.048386] (-) TimerEvent: {}
[161.154356] (-) TimerEvent: {}
[161.255251] (-) TimerEvent: {}
[161.359069] (-) TimerEvent: {}
[161.460523] (-) TimerEvent: {}
[161.570488] (-) TimerEvent: {}
[161.675735] (-) TimerEvent: {}
[161.788863] (-) TimerEvent: {}
[161.893339] (-) TimerEvent: {}
[161.999763] (-) TimerEvent: {}
[162.104548] (-) TimerEvent: {}
[162.206872] (-) TimerEvent: {}
[162.307926] (-) TimerEvent: {}
[162.410604] (-) TimerEvent: {}
[162.515650] (-) TimerEvent: {}
[162.621475] (-) TimerEvent: {}
[162.726840] (-) TimerEvent: {}
[162.833971] (-) TimerEvent: {}
[162.940562] (-) TimerEvent: {}
[163.045296] (-) TimerEvent: {}
[163.150304] (-) TimerEvent: {}
[163.251498] (-) TimerEvent: {}
[163.355459] (-) TimerEvent: {}
[163.463654] (-) TimerEvent: {}
[163.569563] (-) TimerEvent: {}
[163.677058] (-) TimerEvent: {}
[163.781336] (-) TimerEvent: {}
[163.883771] (-) TimerEvent: {}
[163.994318] (-) TimerEvent: {}
[164.095301] (-) TimerEvent: {}
[164.198942] (-) TimerEvent: {}
[164.305808] (-) TimerEvent: {}
[164.408478] (-) TimerEvent: {}
[164.522292] (-) TimerEvent: {}
[164.623367] (-) TimerEvent: {}
[164.734300] (-) TimerEvent: {}
[164.835405] (-) TimerEvent: {}
[164.945847] (-) TimerEvent: {}
[165.046898] (-) TimerEvent: {}
[165.148452] (-) TimerEvent: {}
[165.254839] (-) TimerEvent: {}
[165.356398] (-) TimerEvent: {}
[165.464087] (-) TimerEvent: {}
[165.572800] (-) TimerEvent: {}
[165.677289] (-) TimerEvent: {}
[165.780815] (-) TimerEvent: {}
[165.885761] (-) TimerEvent: {}
[165.989008] (-) TimerEvent: {}
[166.091953] (-) TimerEvent: {}
[166.196477] (-) TimerEvent: {}
[166.299130] (-) TimerEvent: {}
[166.401438] (-) TimerEvent: {}
[166.512416] (-) TimerEvent: {}
[166.617816] (-) TimerEvent: {}
[166.723264] (-) TimerEvent: {}
[166.826352] (-) TimerEvent: {}
[166.927763] (-) TimerEvent: {}
[167.030575] (-) TimerEvent: {}
[167.134426] (-) TimerEvent: {}
[167.236367] (-) TimerEvent: {}
[167.337532] (-) TimerEvent: {}
[167.442534] (-) TimerEvent: {}
[167.544478] (-) TimerEvent: {}
[167.647396] (-) TimerEvent: {}
[167.750078] (-) TimerEvent: {}
[167.851396] (-) TimerEvent: {}
[167.956534] (-) TimerEvent: {}
[168.059341] (-) TimerEvent: {}
[168.169325] (-) TimerEvent: {}
[168.273694] (-) TimerEvent: {}
[168.378570] (-) TimerEvent: {}
[168.483578] (-) TimerEvent: {}
[168.585560] (-) TimerEvent: {}
[168.697560] (-) TimerEvent: {}
[168.801349] (-) TimerEvent: {}
[168.905220] (-) TimerEvent: {}
[169.009601] (-) TimerEvent: {}
[169.110615] (-) TimerEvent: {}
[169.218381] (-) TimerEvent: {}
[169.322350] (-) TimerEvent: {}
[169.423367] (-) TimerEvent: {}
[169.529820] (-) TimerEvent: {}
[169.631066] (-) TimerEvent: {}
[169.737815] (-) TimerEvent: {}
[169.842701] (-) TimerEvent: {}
[169.972731] (-) TimerEvent: {}
[170.073864] (-) TimerEvent: {}
[170.175557] (-) TimerEvent: {}
[170.278338] (-) TimerEvent: {}
[170.380056] (-) TimerEvent: {}
[170.482427] (-) TimerEvent: {}
[170.595961] (-) TimerEvent: {}
[170.700562] (-) TimerEvent: {}
[170.810368] (-) TimerEvent: {}
[170.911895] (-) TimerEvent: {}
[171.016393] (-) TimerEvent: {}
[171.122925] (-) TimerEvent: {}
[171.231614] (-) TimerEvent: {}
[171.341011] (-) TimerEvent: {}
[171.444845] (-) TimerEvent: {}
[171.548105] (-) TimerEvent: {}
[171.712116] (-) TimerEvent: {}
[171.820454] (-) TimerEvent: {}
[171.922226] (-) TimerEvent: {}
[172.026409] (-) TimerEvent: {}
[172.129537] (-) TimerEvent: {}
[172.234896] (-) TimerEvent: {}
[172.344949] (-) TimerEvent: {}
[172.451826] (-) TimerEvent: {}
[172.554689] (-) TimerEvent: {}
[172.735654] (-) TimerEvent: {}
[172.838070] (-) TimerEvent: {}
[172.942349] (-) TimerEvent: {}
[173.046884] (-) TimerEvent: {}
[173.153377] (-) TimerEvent: {}
[173.255457] (-) TimerEvent: {}
[173.368220] (-) TimerEvent: {}
[173.492301] (-) TimerEvent: {}
[173.593303] (-) TimerEvent: {}
[173.695370] (-) TimerEvent: {}
[173.799875] (-) TimerEvent: {}
[173.905953] (-) TimerEvent: {}
[174.009232] (-) TimerEvent: {}
[174.119626] (-) TimerEvent: {}
[174.223950] (-) TimerEvent: {}
[174.326292] (-) TimerEvent: {}
[174.429003] (-) TimerEvent: {}
[174.540775] (-) TimerEvent: {}
[174.671492] (-) TimerEvent: {}
[174.810376] (-) TimerEvent: {}
[174.911257] (-) TimerEvent: {}
[175.017332] (-) TimerEvent: {}
[175.119283] (-) TimerEvent: {}
[175.225386] (-) TimerEvent: {}
[175.335043] (-) TimerEvent: {}
[175.444071] (-) TimerEvent: {}
[175.558240] (-) TimerEvent: {}
[175.665777] (-) TimerEvent: {}
[175.783859] (-) TimerEvent: {}
[175.891360] (-) TimerEvent: {}
[175.995971] (-) TimerEvent: {}
[176.102478] (-) TimerEvent: {}
[176.210582] (-) TimerEvent: {}
[176.325901] (-) TimerEvent: {}
[176.442560] (-) TimerEvent: {}
[176.545498] (-) TimerEvent: {}
[176.653024] (-) TimerEvent: {}
[176.765520] (-) TimerEvent: {}
[176.870499] (-) TimerEvent: {}
[176.976598] (-) TimerEvent: {}
[177.084490] (-) TimerEvent: {}
[177.190292] (-) TimerEvent: {}
[177.292731] (-) TimerEvent: {}
[177.401433] (-) TimerEvent: {}
[177.502324] (-) TimerEvent: {}
[177.603780] (-) TimerEvent: {}
[177.704699] (-) TimerEvent: {}
[177.806006] (-) TimerEvent: {}
[177.908314] (-) TimerEvent: {}
[178.009288] (-) TimerEvent: {}
[178.124429] (-) TimerEvent: {}
[178.243548] (-) TimerEvent: {}
[178.347716] (-) TimerEvent: {}
[178.451307] (-) TimerEvent: {}
[178.567642] (-) TimerEvent: {}
[178.678491] (-) TimerEvent: {}
[178.786943] (-) TimerEvent: {}
[178.890762] (-) TimerEvent: {}
[179.002241] (-) TimerEvent: {}
[179.104481] (-) TimerEvent: {}
[179.219622] (-) TimerEvent: {}
[179.336828] (-) TimerEvent: {}
[179.438248] (-) TimerEvent: {}
[179.542476] (-) TimerEvent: {}
[179.646503] (-) TimerEvent: {}
[179.752540] (-) TimerEvent: {}
[179.867559] (-) TimerEvent: {}
[179.973189] (-) TimerEvent: {}
[180.083842] (-) TimerEvent: {}
[180.190940] (-) TimerEvent: {}
[180.303523] (-) TimerEvent: {}
[180.418418] (-) TimerEvent: {}
[180.531854] (-) TimerEvent: {}
[180.676934] (-) TimerEvent: {}
[180.790964] (-) TimerEvent: {}
[180.906511] (-) TimerEvent: {}
[181.011217] (-) TimerEvent: {}
[181.121856] (-) TimerEvent: {}
[181.227470] (-) TimerEvent: {}
[181.343623] (-) TimerEvent: {}
[181.494308] (-) TimerEvent: {}
[181.621613] (-) TimerEvent: {}
[181.728314] (-) TimerEvent: {}
[181.834528] (-) TimerEvent: {}
[181.939382] (-) TimerEvent: {}
[182.042915] (-) TimerEvent: {}
[182.147720] (-) TimerEvent: {}
[182.251314] (-) TimerEvent: {}
[182.352547] (-) TimerEvent: {}
[182.464351] (-) TimerEvent: {}
[182.576423] (-) TimerEvent: {}
[182.689644] (-) TimerEvent: {}
[182.803303] (-) TimerEvent: {}
[182.905281] (-) TimerEvent: {}
[183.008931] (-) TimerEvent: {}
[183.223586] (-) TimerEvent: {}
[183.326467] (-) TimerEvent: {}
[183.434033] (-) TimerEvent: {}
[183.537636] (-) TimerEvent: {}
[183.647397] (-) TimerEvent: {}
[183.754964] (-) TimerEvent: {}
[183.857228] (-) TimerEvent: {}
[183.962436] (-) TimerEvent: {}
[184.071560] (-) TimerEvent: {}
[184.181013] (-) TimerEvent: {}
[184.297118] (-) TimerEvent: {}
[184.399439] (-) TimerEvent: {}
[184.501330] (-) TimerEvent: {}
[184.617693] (-) TimerEvent: {}
[184.726656] (-) TimerEvent: {}
[184.839429] (-) TimerEvent: {}
[184.944712] (-) TimerEvent: {}
[185.051294] (-) TimerEvent: {}
[185.159178] (-) TimerEvent: {}
[185.264948] (-) TimerEvent: {}
[185.380186] (-) TimerEvent: {}
[185.483881] (-) TimerEvent: {}
[185.598781] (-) TimerEvent: {}
[185.719433] (-) TimerEvent: {}
[185.821604] (-) TimerEvent: {}
[185.925120] (-) TimerEvent: {}
[186.036337] (-) TimerEvent: {}
[186.139744] (-) TimerEvent: {}
[186.242842] (-) TimerEvent: {}
[186.352553] (-) TimerEvent: {}
[186.458492] (-) TimerEvent: {}
[186.568577] (-) TimerEvent: {}
[186.677980] (-) TimerEvent: {}
[186.791020] (-) TimerEvent: {}
[186.892558] (-) TimerEvent: {}
[186.998725] (-) TimerEvent: {}
[187.107674] (-) TimerEvent: {}
[187.209589] (-) TimerEvent: {}
[187.312848] (-) TimerEvent: {}
[187.415778] (-) TimerEvent: {}
[187.519518] (-) TimerEvent: {}
[187.627908] (-) TimerEvent: {}
[187.729009] (-) TimerEvent: {}
[187.831412] (-) TimerEvent: {}
[187.938951] (-) TimerEvent: {}
[188.041289] (-) TimerEvent: {}
[188.142189] (-) TimerEvent: {}
[188.249426] (-) TimerEvent: {}
[188.356840] (-) TimerEvent: {}
[188.467633] (-) TimerEvent: {}
[188.573709] (-) TimerEvent: {}
[188.726323] (-) TimerEvent: {}
[188.843622] (-) TimerEvent: {}
[188.948804] (-) TimerEvent: {}
[189.057486] (-) TimerEvent: {}
[189.174102] (-) TimerEvent: {}
[189.299845] (-) TimerEvent: {}
[189.423778] (-) TimerEvent: {}
[189.541788] (-) TimerEvent: {}
[189.644653] (-) TimerEvent: {}
[189.805046] (-) TimerEvent: {}
[189.906435] (-) TimerEvent: {}
[190.008588] (-) TimerEvent: {}
[190.114473] (-) TimerEvent: {}
[190.216396] (-) TimerEvent: {}
[190.318415] (-) TimerEvent: {}
[190.422738] (-) TimerEvent: {}
[190.528658] (-) TimerEvent: {}
[190.636068] (-) TimerEvent: {}
[190.742252] (-) TimerEvent: {}
[190.847206] (-) TimerEvent: {}
[190.948455] (-) TimerEvent: {}
[191.049908] (-) TimerEvent: {}
[191.155529] (-) TimerEvent: {}
[191.266369] (-) TimerEvent: {}
[191.374717] (-) TimerEvent: {}
[191.476430] (-) TimerEvent: {}
[191.578325] (-) TimerEvent: {}
[191.684103] (-) TimerEvent: {}
[191.792479] (-) TimerEvent: {}
[191.898989] (-) TimerEvent: {}
[192.015200] (-) TimerEvent: {}
[192.116316] (-) TimerEvent: {}
[192.223420] (-) TimerEvent: {}
[192.335348] (-) TimerEvent: {}
[192.440189] (-) TimerEvent: {}
[192.549913] (-) TimerEvent: {}
[192.681609] (-) TimerEvent: {}
[192.787204] (-) TimerEvent: {}
[192.888319] (-) TimerEvent: {}
[192.991492] (-) TimerEvent: {}
[193.096384] (-) TimerEvent: {}
[193.200389] (-) TimerEvent: {}
[193.302347] (-) TimerEvent: {}
[193.406820] (-) TimerEvent: {}
[193.509292] (-) TimerEvent: {}
[193.610474] (-) TimerEvent: {}
[193.712041] (-) TimerEvent: {}
[193.830184] (-) TimerEvent: {}
[193.935280] (-) TimerEvent: {}
[194.036884] (-) TimerEvent: {}
[194.216653] (-) TimerEvent: {}
[194.319289] (-) TimerEvent: {}
[194.421117] (-) TimerEvent: {}
[194.528666] (-) TimerEvent: {}
[194.642071] (-) TimerEvent: {}
[194.743984] (-) TimerEvent: {}
[194.846316] (-) TimerEvent: {}
[194.953433] (-) TimerEvent: {}
[195.057462] (-) TimerEvent: {}
[195.170497] (-) TimerEvent: {}
[195.282718] (-) TimerEvent: {}
[195.384945] (-) TimerEvent: {}
[195.489311] (-) TimerEvent: {}
[195.595385] (-) TimerEvent: {}
[195.699480] (-) TimerEvent: {}
[195.805491] (-) TimerEvent: {}
[195.916507] (-) TimerEvent: {}
[196.030244] (-) TimerEvent: {}
[196.144502] (-) TimerEvent: {}
[196.254329] (-) TimerEvent: {}
[196.371463] (-) TimerEvent: {}
[196.485314] (-) TimerEvent: {}
[196.592298] (-) TimerEvent: {}
[196.695376] (-) TimerEvent: {}
[196.802215] (-) TimerEvent: {}
[196.908524] (-) TimerEvent: {}
[197.009884] (-) TimerEvent: {}
[197.115069] (-) TimerEvent: {}
[197.220040] (-) TimerEvent: {}
[197.330269] (-) TimerEvent: {}
[197.443621] (-) TimerEvent: {}
[197.555479] (-) TimerEvent: {}
[197.667332] (-) TimerEvent: {}
[197.782731] (-) TimerEvent: {}
[197.893658] (-) TimerEvent: {}
[197.997421] (-) TimerEvent: {}
[198.113306] (-) TimerEvent: {}
[198.214220] (-) TimerEvent: {}
[198.315662] (-) TimerEvent: {}
[198.423123] (-) TimerEvent: {}
[198.538762] (-) TimerEvent: {}
[198.650481] (-) TimerEvent: {}
[198.757321] (-) TimerEvent: {}
[198.864501] (-) TimerEvent: {}
[198.875940] (drive_drone) StdoutLine: {'line': b'[ 50%] \x1b[32m\x1b[1mLinking CXX executable tb3_road_network_mover\x1b[0m\n'}
[198.964714] (-) TimerEvent: {}
[199.065706] (-) TimerEvent: {}
[199.171319] (-) TimerEvent: {}
[199.301509] (-) TimerEvent: {}
[199.406747] (-) TimerEvent: {}
[199.508544] (-) TimerEvent: {}
[199.613015] (-) TimerEvent: {}
[199.717436] (-) TimerEvent: {}
[199.911168] (-) TimerEvent: {}
[200.015430] (-) TimerEvent: {}
[200.119928] (-) TimerEvent: {}
[200.222331] (-) TimerEvent: {}
[200.324268] (-) TimerEvent: {}
[200.428399] (-) TimerEvent: {}
[200.531824] (-) TimerEvent: {}
[200.639572] (-) TimerEvent: {}
[200.748367] (-) TimerEvent: {}
[200.854781] (-) TimerEvent: {}
[200.957399] (-) TimerEvent: {}
[201.059810] (-) TimerEvent: {}
[201.163848] (-) TimerEvent: {}
[201.269323] (-) TimerEvent: {}
[201.375398] (-) TimerEvent: {}
[201.476494] (-) TimerEvent: {}
[201.578371] (-) TimerEvent: {}
[201.689363] (-) TimerEvent: {}
[201.790512] (-) TimerEvent: {}
[201.897098] (-) TimerEvent: {}
[202.000742] (-) TimerEvent: {}
[202.105273] (-) TimerEvent: {}
[202.217873] (-) TimerEvent: {}
[202.318817] (-) TimerEvent: {}
[202.431594] (-) TimerEvent: {}
[202.534559] (-) TimerEvent: {}
[202.639412] (-) TimerEvent: {}
[202.744076] (-) TimerEvent: {}
[202.845484] (-) TimerEvent: {}
[202.951265] (-) TimerEvent: {}
[203.053111] (-) TimerEvent: {}
[203.169500] (-) TimerEvent: {}
[203.283287] (-) TimerEvent: {}
[203.387339] (-) TimerEvent: {}
[203.489934] (-) TimerEvent: {}
[203.592339] (-) TimerEvent: {}
[203.695299] (-) TimerEvent: {}
[203.796117] (-) TimerEvent: {}
[203.906718] (-) TimerEvent: {}
[204.007845] (-) TimerEvent: {}
[204.110229] (-) TimerEvent: {}
[204.156442] (drive_drone) StdoutLine: {'line': b'[ 50%] Built target tb3_road_network_mover\n'}
[204.210953] (-) TimerEvent: {}
[204.315295] (-) TimerEvent: {}
[204.417575] (-) TimerEvent: {}
[204.519544] (drive_drone) StdoutLine: {'line': b'[ 62%] \x1b[32mBuilding CXX object CMakeFiles/tb3_follower_node.dir/src/tb3_follower_node.cpp.o\x1b[0m\n'}
[204.522172] (-) TimerEvent: {}
[204.623311] (-) TimerEvent: {}
[204.724469] (-) TimerEvent: {}
[204.829912] (-) TimerEvent: {}
[204.936848] (-) TimerEvent: {}
[205.045373] (-) TimerEvent: {}
[205.148814] (-) TimerEvent: {}
[205.255364] (-) TimerEvent: {}
[205.380370] (-) TimerEvent: {}
[205.490984] (-) TimerEvent: {}
[205.600584] (-) TimerEvent: {}
[205.706502] (-) TimerEvent: {}
[205.808283] (-) TimerEvent: {}
[205.912790] (-) TimerEvent: {}
[206.015403] (-) TimerEvent: {}
[206.116496] (-) TimerEvent: {}
[206.218817] (-) TimerEvent: {}
[206.321488] (-) TimerEvent: {}
[206.424997] (-) TimerEvent: {}
[206.530320] (-) TimerEvent: {}
[206.632778] (-) TimerEvent: {}
[206.739784] (-) TimerEvent: {}
[206.840700] (-) TimerEvent: {}
[206.942261] (-) TimerEvent: {}
[207.050203] (-) TimerEvent: {}
[207.151379] (-) TimerEvent: {}
[207.262696] (-) TimerEvent: {}
[207.368994] (-) TimerEvent: {}
[207.481496] (-) TimerEvent: {}
[207.583930] (-) TimerEvent: {}
[207.685310] (-) TimerEvent: {}
[207.790333] (-) TimerEvent: {}
[207.932876] (-) TimerEvent: {}
[208.034699] (-) TimerEvent: {}
[208.138496] (-) TimerEvent: {}
[208.242030] (-) TimerEvent: {}
[208.346664] (-) TimerEvent: {}
[208.448726] (-) TimerEvent: {}
[208.551568] (-) TimerEvent: {}
[208.659313] (-) TimerEvent: {}
[208.762453] (-) TimerEvent: {}
[208.866496] (-) TimerEvent: {}
[208.968168] (-) TimerEvent: {}
[209.070584] (-) TimerEvent: {}
[209.171896] (-) TimerEvent: {}
[209.276755] (-) TimerEvent: {}
[209.377670] (-) TimerEvent: {}
[209.478578] (-) TimerEvent: {}
[209.581113] (-) TimerEvent: {}
[209.681969] (-) TimerEvent: {}
[209.783537] (-) TimerEvent: {}
[209.887474] (-) TimerEvent: {}
[210.018939] (-) TimerEvent: {}
[210.130364] (-) TimerEvent: {}
[210.247362] (-) TimerEvent: {}
[210.348320] (-) TimerEvent: {}
[210.451305] (-) TimerEvent: {}
[210.556440] (-) TimerEvent: {}
[210.658615] (-) TimerEvent: {}
[210.761856] (-) TimerEvent: {}
[210.866167] (-) TimerEvent: {}
[210.973722] (-) TimerEvent: {}
[211.079651] (-) TimerEvent: {}
[211.180657] (-) TimerEvent: {}
[211.281537] (-) TimerEvent: {}
[211.382308] (-) TimerEvent: {}
[211.483199] (-) TimerEvent: {}
[211.586363] (-) TimerEvent: {}
[211.687364] (-) TimerEvent: {}
[211.789097] (-) TimerEvent: {}
[211.889875] (-) TimerEvent: {}
[211.990656] (-) TimerEvent: {}
[212.091381] (-) TimerEvent: {}
[212.192039] (-) TimerEvent: {}
[212.292766] (-) TimerEvent: {}
[212.393487] (-) TimerEvent: {}
[212.494266] (-) TimerEvent: {}
[212.594957] (-) TimerEvent: {}
[212.695684] (-) TimerEvent: {}
[212.796443] (-) TimerEvent: {}
[212.897188] (-) TimerEvent: {}
[212.997955] (-) TimerEvent: {}
[213.098702] (-) TimerEvent: {}
[213.200242] (-) TimerEvent: {}
[213.301950] (-) TimerEvent: {}
[213.404242] (-) TimerEvent: {}
[213.505037] (-) TimerEvent: {}
[213.605931] (-) TimerEvent: {}
[213.706786] (-) TimerEvent: {}
[213.807554] (-) TimerEvent: {}
[213.909304] (-) TimerEvent: {}
[214.010070] (-) TimerEvent: {}
[214.110870] (-) TimerEvent: {}
[214.211479] (-) TimerEvent: {}
[214.312039] (-) TimerEvent: {}
[214.412669] (-) TimerEvent: {}
[214.513267] (-) TimerEvent: {}
[214.617566] (-) TimerEvent: {}
[214.718450] (-) TimerEvent: {}
[214.822689] (-) TimerEvent: {}
[214.923489] (-) TimerEvent: {}
[215.024047] (-) TimerEvent: {}
[215.124806] (-) TimerEvent: {}
[215.225491] (-) TimerEvent: {}
[215.326184] (-) TimerEvent: {}
[215.426910] (-) TimerEvent: {}
[215.527672] (-) TimerEvent: {}
[215.628393] (-) TimerEvent: {}
[215.729095] (-) TimerEvent: {}
[215.830165] (-) TimerEvent: {}
[215.930883] (-) TimerEvent: {}
[216.031663] (-) TimerEvent: {}
[216.132392] (-) TimerEvent: {}
[216.233105] (-) TimerEvent: {}
[216.333688] (-) TimerEvent: {}
[216.434217] (-) TimerEvent: {}
[216.534784] (-) TimerEvent: {}
[216.635755] (-) TimerEvent: {}
[216.736651] (-) TimerEvent: {}
[216.837453] (-) TimerEvent: {}
[216.938212] (-) TimerEvent: {}
[217.038811] (-) TimerEvent: {}
[217.139513] (-) TimerEvent: {}
[217.240129] (-) TimerEvent: {}
[217.340880] (-) TimerEvent: {}
[217.441454] (-) TimerEvent: {}
[217.542209] (-) TimerEvent: {}
[217.642790] (-) TimerEvent: {}
[217.743481] (-) TimerEvent: {}
[217.844236] (-) TimerEvent: {}
[217.944917] (-) TimerEvent: {}
[218.045659] (-) TimerEvent: {}
[218.146386] (-) TimerEvent: {}
[218.247065] (-) TimerEvent: {}
[218.347938] (-) TimerEvent: {}
[218.448753] (-) TimerEvent: {}
[218.549307] (-) TimerEvent: {}
[218.649875] (-) TimerEvent: {}
[218.750461] (-) TimerEvent: {}
[218.851024] (-) TimerEvent: {}
[218.951708] (-) TimerEvent: {}
[219.052302] (-) TimerEvent: {}
[219.152991] (-) TimerEvent: {}
[219.253731] (-) TimerEvent: {}
[219.354445] (-) TimerEvent: {}
[219.455182] (-) TimerEvent: {}
[219.555800] (-) TimerEvent: {}
[219.656394] (-) TimerEvent: {}
[219.757092] (-) TimerEvent: {}
[219.857760] (-) TimerEvent: {}
[219.958363] (-) TimerEvent: {}
[220.059026] (-) TimerEvent: {}
[220.159713] (-) TimerEvent: {}
[220.260283] (-) TimerEvent: {}
[220.361011] (-) TimerEvent: {}
[220.461672] (-) TimerEvent: {}
[220.562258] (-) TimerEvent: {}
[220.663271] (-) TimerEvent: {}
[220.766458] (-) TimerEvent: {}
[220.867302] (-) TimerEvent: {}
[220.968014] (-) TimerEvent: {}
[221.068731] (-) TimerEvent: {}
[221.169545] (-) TimerEvent: {}
[221.270570] (-) TimerEvent: {}
[221.371379] (-) TimerEvent: {}
[221.472004] (-) TimerEvent: {}
[221.572602] (-) TimerEvent: {}
[221.673195] (-) TimerEvent: {}
[221.773736] (-) TimerEvent: {}
[221.874276] (-) TimerEvent: {}
[221.974912] (-) TimerEvent: {}
[222.075602] (-) TimerEvent: {}
[222.176293] (-) TimerEvent: {}
[222.276900] (-) TimerEvent: {}
[222.377597] (-) TimerEvent: {}
[222.478312] (-) TimerEvent: {}
[222.579010] (-) TimerEvent: {}
[222.679729] (-) TimerEvent: {}
[222.780407] (-) TimerEvent: {}
[222.881099] (-) TimerEvent: {}
[222.981810] (-) TimerEvent: {}
[223.082485] (-) TimerEvent: {}
[223.183232] (-) TimerEvent: {}
[223.283937] (-) TimerEvent: {}
[223.384715] (-) TimerEvent: {}
[223.485694] (-) TimerEvent: {}
[223.586574] (-) TimerEvent: {}
[223.687295] (-) TimerEvent: {}
[223.788002] (-) TimerEvent: {}
[223.888818] (-) TimerEvent: {}
[223.989550] (-) TimerEvent: {}
[224.090254] (-) TimerEvent: {}
[224.190907] (-) TimerEvent: {}
[224.291601] (-) TimerEvent: {}
[224.392275] (-) TimerEvent: {}
[224.492929] (-) TimerEvent: {}
[224.593627] (-) TimerEvent: {}
[224.694361] (-) TimerEvent: {}
[224.795452] (-) TimerEvent: {}
[224.896165] (-) TimerEvent: {}
[224.996744] (-) TimerEvent: {}
[225.097422] (-) TimerEvent: {}
[225.198035] (-) TimerEvent: {}
[225.298724] (-) TimerEvent: {}
[225.399270] (-) TimerEvent: {}
[225.499855] (-) TimerEvent: {}
[225.600496] (-) TimerEvent: {}
[225.701082] (-) TimerEvent: {}
[225.801746] (-) TimerEvent: {}
[225.902306] (-) TimerEvent: {}
[226.003063] (-) TimerEvent: {}
[226.103771] (-) TimerEvent: {}
[226.204501] (-) TimerEvent: {}
[226.305179] (-) TimerEvent: {}
[226.405829] (-) TimerEvent: {}
[226.506503] (-) TimerEvent: {}
[226.607216] (-) TimerEvent: {}
[226.707740] (-) TimerEvent: {}
[226.808446] (-) TimerEvent: {}
[226.909290] (-) TimerEvent: {}
[227.010277] (-) TimerEvent: {}
[227.111029] (-) TimerEvent: {}
[227.211739] (-) TimerEvent: {}
[227.312468] (-) TimerEvent: {}
[227.413177] (-) TimerEvent: {}
[227.513768] (-) TimerEvent: {}
[227.614353] (-) TimerEvent: {}
[227.714943] (-) TimerEvent: {}
[227.815509] (-) TimerEvent: {}
[227.916050] (-) TimerEvent: {}
[228.016751] (-) TimerEvent: {}
[228.117427] (-) TimerEvent: {}
[228.218024] (-) TimerEvent: {}
[228.318854] (-) TimerEvent: {}
[228.419575] (-) TimerEvent: {}
[228.520260] (-) TimerEvent: {}
[228.620896] (-) TimerEvent: {}
[228.721791] (-) TimerEvent: {}
[228.822488] (-) TimerEvent: {}
[228.923313] (-) TimerEvent: {}
[229.024273] (-) TimerEvent: {}
[229.125940] (-) TimerEvent: {}
[229.229075] (-) TimerEvent: {}
[229.329802] (-) TimerEvent: {}
[229.430357] (-) TimerEvent: {}
[229.530936] (-) TimerEvent: {}
[229.631597] (-) TimerEvent: {}
[229.732213] (-) TimerEvent: {}
[229.832822] (-) TimerEvent: {}
[229.933383] (-) TimerEvent: {}
[230.034002] (-) TimerEvent: {}
[230.134686] (-) TimerEvent: {}
[230.235421] (-) TimerEvent: {}
[230.336896] (-) TimerEvent: {}
[230.438262] (-) TimerEvent: {}
[230.538812] (-) TimerEvent: {}
[230.639487] (-) TimerEvent: {}
[230.740040] (-) TimerEvent: {}
[230.840637] (-) TimerEvent: {}
[230.941251] (-) TimerEvent: {}
[231.041835] (-) TimerEvent: {}
[231.142475] (-) TimerEvent: {}
[231.243102] (-) TimerEvent: {}
[231.343757] (-) TimerEvent: {}
[231.444453] (-) TimerEvent: {}
[231.545060] (-) TimerEvent: {}
[231.645698] (-) TimerEvent: {}
[231.746261] (-) TimerEvent: {}
[231.846858] (-) TimerEvent: {}
[231.947446] (-) TimerEvent: {}
[232.048247] (-) TimerEvent: {}
[232.148944] (-) TimerEvent: {}
[232.249538] (-) TimerEvent: {}
[232.350163] (-) TimerEvent: {}
[232.450831] (-) TimerEvent: {}
[232.551649] (-) TimerEvent: {}
[232.652260] (-) TimerEvent: {}
[232.753057] (-) TimerEvent: {}
[232.853782] (-) TimerEvent: {}
[232.954364] (-) TimerEvent: {}
[233.054947] (-) TimerEvent: {}
[233.155539] (-) TimerEvent: {}
[233.256212] (-) TimerEvent: {}
[233.356792] (-) TimerEvent: {}
[233.457366] (-) TimerEvent: {}
[233.558034] (-) TimerEvent: {}
[233.658605] (-) TimerEvent: {}
[233.759423] (-) TimerEvent: {}
[233.860097] (-) TimerEvent: {}
[233.960709] (-) TimerEvent: {}
[234.061302] (-) TimerEvent: {}
[234.161845] (-) TimerEvent: {}
[234.262442] (-) TimerEvent: {}
[234.363056] (-) TimerEvent: {}
[234.463643] (-) TimerEvent: {}
[234.564224] (-) TimerEvent: {}
[234.664970] (-) TimerEvent: {}
[234.765778] (-) TimerEvent: {}
[234.867291] (-) TimerEvent: {}
[234.971613] (-) TimerEvent: {}
[235.072329] (-) TimerEvent: {}
[235.172961] (-) TimerEvent: {}
[235.273711] (-) TimerEvent: {}
[235.374347] (-) TimerEvent: {}
[235.474997] (-) TimerEvent: {}
[235.575706] (-) TimerEvent: {}
[235.676468] (-) TimerEvent: {}
[235.777224] (-) TimerEvent: {}
[235.877745] (-) TimerEvent: {}
[235.978401] (-) TimerEvent: {}
[236.080302] (-) TimerEvent: {}
[236.181317] (-) TimerEvent: {}
[236.282060] (-) TimerEvent: {}
[236.386913] (-) TimerEvent: {}
[236.487798] (-) TimerEvent: {}
[236.588376] (-) TimerEvent: {}
[236.688937] (-) TimerEvent: {}
[236.789677] (-) TimerEvent: {}
[236.890393] (-) TimerEvent: {}
[236.991075] (-) TimerEvent: {}
[237.091685] (-) TimerEvent: {}
[237.192409] (-) TimerEvent: {}
[237.292959] (-) TimerEvent: {}
[237.393552] (-) TimerEvent: {}
[237.494195] (-) TimerEvent: {}
[237.594755] (-) TimerEvent: {}
[237.695419] (-) TimerEvent: {}
[237.796177] (-) TimerEvent: {}
[237.896762] (-) TimerEvent: {}
[237.997313] (-) TimerEvent: {}
[238.097876] (-) TimerEvent: {}
[238.198484] (-) TimerEvent: {}
[238.299181] (-) TimerEvent: {}
[238.399787] (-) TimerEvent: {}
[238.500473] (-) TimerEvent: {}
[238.601085] (-) TimerEvent: {}
[238.702279] (-) TimerEvent: {}
[238.803307] (-) TimerEvent: {}
[238.908570] (-) TimerEvent: {}
[239.009445] (-) TimerEvent: {}
[239.110042] (-) TimerEvent: {}
[239.210710] (-) TimerEvent: {}
[239.311631] (-) TimerEvent: {}
[239.412193] (-) TimerEvent: {}
[239.512769] (-) TimerEvent: {}
[239.613317] (-) TimerEvent: {}
[239.713871] (-) TimerEvent: {}
[239.814449] (-) TimerEvent: {}
[239.915034] (-) TimerEvent: {}
[240.015649] (-) TimerEvent: {}
[240.116251] (-) TimerEvent: {}
[240.216816] (-) TimerEvent: {}
[240.317567] (-) TimerEvent: {}
[240.418199] (-) TimerEvent: {}
[240.518987] (-) TimerEvent: {}
[240.620237] (-) TimerEvent: {}
[240.721280] (-) TimerEvent: {}
[240.821988] (-) TimerEvent: {}
[240.923363] (-) TimerEvent: {}
[241.024057] (-) TimerEvent: {}
[241.124695] (-) TimerEvent: {}
[241.225305] (-) TimerEvent: {}
[241.325867] (-) TimerEvent: {}
[241.426546] (-) TimerEvent: {}
[241.527074] (-) TimerEvent: {}
[241.627626] (-) TimerEvent: {}
[241.728231] (-) TimerEvent: {}
[241.828793] (-) TimerEvent: {}
[241.929368] (-) TimerEvent: {}
[242.029928] (-) TimerEvent: {}
[242.130521] (-) TimerEvent: {}
[242.231085] (-) TimerEvent: {}
[242.331816] (-) TimerEvent: {}
[242.432386] (-) TimerEvent: {}
[242.533002] (-) TimerEvent: {}
[242.633717] (-) TimerEvent: {}
[242.734443] (-) TimerEvent: {}
[242.835211] (-) TimerEvent: {}
[242.936005] (-) TimerEvent: {}
[243.036808] (-) TimerEvent: {}
[243.138505] (-) TimerEvent: {}
[243.239280] (-) TimerEvent: {}
[243.340117] (-) TimerEvent: {}
[243.440867] (-) TimerEvent: {}
[243.541867] (-) TimerEvent: {}
[243.642484] (-) TimerEvent: {}
[243.743231] (-) TimerEvent: {}
[243.843862] (-) TimerEvent: {}
[243.944591] (-) TimerEvent: {}
[244.045305] (-) TimerEvent: {}
[244.145899] (-) TimerEvent: {}
[244.246599] (-) TimerEvent: {}
[244.347615] (-) TimerEvent: {}
[244.448380] (-) TimerEvent: {}
[244.549021] (-) TimerEvent: {}
[244.649662] (-) TimerEvent: {}
[244.750553] (-) TimerEvent: {}
[244.851268] (-) TimerEvent: {}
[244.952064] (-) TimerEvent: {}
[245.052859] (-) TimerEvent: {}
[245.154648] (-) TimerEvent: {}
[245.255423] (-) TimerEvent: {}
[245.356957] (-) TimerEvent: {}
[245.457778] (-) TimerEvent: {}
[245.559880] (-) TimerEvent: {}
[245.660532] (-) TimerEvent: {}
[245.761250] (-) TimerEvent: {}
[245.861946] (-) TimerEvent: {}
[245.962539] (-) TimerEvent: {}
[246.063239] (-) TimerEvent: {}
[246.163824] (-) TimerEvent: {}
[246.264642] (-) TimerEvent: {}
[246.365249] (-) TimerEvent: {}
[246.465838] (-) TimerEvent: {}
[246.566633] (-) TimerEvent: {}
[246.667271] (-) TimerEvent: {}
[246.767842] (-) TimerEvent: {}
[246.868559] (-) TimerEvent: {}
[246.969338] (-) TimerEvent: {}
[247.070209] (-) TimerEvent: {}
[247.176278] (-) TimerEvent: {}
[247.277038] (-) TimerEvent: {}
[247.377871] (-) TimerEvent: {}
[247.479267] (-) TimerEvent: {}
[247.579983] (-) TimerEvent: {}
[247.683204] (-) TimerEvent: {}
[247.784291] (-) TimerEvent: {}
[247.885624] (-) TimerEvent: {}
[247.986286] (-) TimerEvent: {}
[248.086986] (-) TimerEvent: {}
[248.187576] (-) TimerEvent: {}
[248.288216] (-) TimerEvent: {}
[248.388802] (-) TimerEvent: {}
[248.489463] (-) TimerEvent: {}
[248.590215] (-) TimerEvent: {}
[248.690824] (-) TimerEvent: {}
[248.792378] (-) TimerEvent: {}
[248.893127] (-) TimerEvent: {}
[248.993884] (-) TimerEvent: {}
[249.094636] (-) TimerEvent: {}
[249.195404] (-) TimerEvent: {}
[249.296083] (-) TimerEvent: {}
[249.396867] (-) TimerEvent: {}
[249.497590] (-) TimerEvent: {}
[249.598303] (-) TimerEvent: {}
[249.698943] (-) TimerEvent: {}
[249.799594] (-) TimerEvent: {}
[249.900193] (-) TimerEvent: {}
[250.000883] (-) TimerEvent: {}
[250.101433] (-) TimerEvent: {}
[250.202166] (-) TimerEvent: {}
[250.302847] (-) TimerEvent: {}
[250.403723] (-) TimerEvent: {}
[250.504485] (-) TimerEvent: {}
[250.605224] (-) TimerEvent: {}
[250.705876] (-) TimerEvent: {}
[250.807106] (-) TimerEvent: {}
[250.913251] (-) TimerEvent: {}
[251.014017] (-) TimerEvent: {}
[251.114818] (-) TimerEvent: {}
[251.215673] (-) TimerEvent: {}
[251.318310] (-) TimerEvent: {}
[251.419060] (-) TimerEvent: {}
[251.519876] (-) TimerEvent: {}
[251.622683] (-) TimerEvent: {}
[251.723513] (-) TimerEvent: {}
[251.824397] (-) TimerEvent: {}
[251.925314] (-) TimerEvent: {}
[252.026284] (-) TimerEvent: {}
[252.128204] (-) TimerEvent: {}
[252.228835] (-) TimerEvent: {}
[252.329445] (-) TimerEvent: {}
[252.430066] (-) TimerEvent: {}
[252.530752] (-) TimerEvent: {}
[252.631494] (-) TimerEvent: {}
[252.732300] (-) TimerEvent: {}
[252.835928] (-) TimerEvent: {}
[252.936773] (-) TimerEvent: {}
[253.038274] (-) TimerEvent: {}
[253.139017] (-) TimerEvent: {}
[253.239991] (-) TimerEvent: {}
[253.342315] (-) TimerEvent: {}
[253.443132] (-) TimerEvent: {}
[253.545874] (-) TimerEvent: {}
[253.646686] (-) TimerEvent: {}
[253.749515] (-) TimerEvent: {}
[253.850402] (-) TimerEvent: {}
[253.951182] (-) TimerEvent: {}
[254.052222] (-) TimerEvent: {}
[254.153570] (-) TimerEvent: {}
[254.254309] (-) TimerEvent: {}
[254.355021] (-) TimerEvent: {}
[254.455789] (-) TimerEvent: {}
[254.556557] (-) TimerEvent: {}
[254.657298] (-) TimerEvent: {}
[254.757902] (-) TimerEvent: {}
[254.859267] (-) TimerEvent: {}
[254.961256] (-) TimerEvent: {}
[255.062932] (-) TimerEvent: {}
[255.163520] (-) TimerEvent: {}
[255.264255] (-) TimerEvent: {}
[255.364972] (-) TimerEvent: {}
[255.465796] (-) TimerEvent: {}
[255.566364] (-) TimerEvent: {}
[255.666948] (-) TimerEvent: {}
[255.767607] (-) TimerEvent: {}
[255.868417] (-) TimerEvent: {}
[255.969632] (-) TimerEvent: {}
[256.071558] (-) TimerEvent: {}
[256.172270] (-) TimerEvent: {}
[256.274201] (-) TimerEvent: {}
[256.375116] (-) TimerEvent: {}
[256.475852] (-) TimerEvent: {}
[256.576670] (-) TimerEvent: {}
[256.677287] (-) TimerEvent: {}
[256.777962] (-) TimerEvent: {}
[256.878702] (-) TimerEvent: {}
[256.983297] (-) TimerEvent: {}
[257.084039] (-) TimerEvent: {}
[257.184794] (-) TimerEvent: {}
[257.285574] (-) TimerEvent: {}
[257.386287] (-) TimerEvent: {}
[257.487004] (-) TimerEvent: {}
[257.587656] (-) TimerEvent: {}
[257.688222] (-) TimerEvent: {}
[257.788936] (-) TimerEvent: {}
[257.889712] (-) TimerEvent: {}
[257.990410] (-) TimerEvent: {}
[258.098583] (-) TimerEvent: {}
[258.199308] (-) TimerEvent: {}
[258.300114] (-) TimerEvent: {}
[258.401300] (-) TimerEvent: {}
[258.502060] (-) TimerEvent: {}
[258.603452] (-) TimerEvent: {}
[258.704213] (-) TimerEvent: {}
[258.804954] (-) TimerEvent: {}
[258.905592] (-) TimerEvent: {}
[259.006298] (-) TimerEvent: {}
[259.107046] (-) TimerEvent: {}
[259.207784] (-) TimerEvent: {}
[259.308569] (-) TimerEvent: {}
[259.409261] (-) TimerEvent: {}
[259.509832] (-) TimerEvent: {}
[259.611108] (-) TimerEvent: {}
[259.711701] (-) TimerEvent: {}
[259.812366] (-) TimerEvent: {}
[259.912991] (-) TimerEvent: {}
[260.013681] (-) TimerEvent: {}
[260.114289] (-) TimerEvent: {}
[260.215043] (-) TimerEvent: {}
[260.315742] (-) TimerEvent: {}
[260.416424] (-) TimerEvent: {}
[260.517230] (-) TimerEvent: {}
[260.619443] (-) TimerEvent: {}
[260.720312] (-) TimerEvent: {}
[260.821462] (-) TimerEvent: {}
[260.922359] (-) TimerEvent: {}
[261.023247] (-) TimerEvent: {}
[261.123793] (-) TimerEvent: {}
[261.224418] (-) TimerEvent: {}
[261.324991] (-) TimerEvent: {}
[261.425802] (-) TimerEvent: {}
[261.526490] (-) TimerEvent: {}
[261.627254] (-) TimerEvent: {}
[261.727833] (-) TimerEvent: {}
[261.828483] (-) TimerEvent: {}
[261.929195] (-) TimerEvent: {}
[262.029802] (-) TimerEvent: {}
[262.130374] (-) TimerEvent: {}
[262.230964] (-) TimerEvent: {}
[262.331793] (-) TimerEvent: {}
[262.433296] (-) TimerEvent: {}
[262.534057] (-) TimerEvent: {}
[262.637265] (-) TimerEvent: {}
[262.739330] (-) TimerEvent: {}
[262.840077] (-) TimerEvent: {}
[262.940908] (-) TimerEvent: {}
[263.041677] (-) TimerEvent: {}
[263.142446] (-) TimerEvent: {}
[263.243198] (-) TimerEvent: {}
[263.343989] (-) TimerEvent: {}
[263.444686] (-) TimerEvent: {}
[263.545470] (-) TimerEvent: {}
[263.646321] (-) TimerEvent: {}
[263.746952] (-) TimerEvent: {}
[263.848299] (-) TimerEvent: {}
[263.948987] (-) TimerEvent: {}
[264.051479] (-) TimerEvent: {}
[264.155854] (-) TimerEvent: {}
[264.259570] (-) TimerEvent: {}
[264.362296] (-) TimerEvent: {}
[264.362927] (drive_drone) StdoutLine: {'line': b'[ 75%] \x1b[32m\x1b[1mLinking CXX executable tb3_follower_node\x1b[0m\n'}
[264.462475] (-) TimerEvent: {}
[264.563096] (-) TimerEvent: {}
[264.663700] (-) TimerEvent: {}
[264.764302] (-) TimerEvent: {}
[264.864890] (-) TimerEvent: {}
[264.965512] (-) TimerEvent: {}
[265.066087] (-) TimerEvent: {}
[265.166664] (-) TimerEvent: {}
[265.267500] (-) TimerEvent: {}
[265.368293] (-) TimerEvent: {}
[265.468931] (-) TimerEvent: {}
[265.569698] (-) TimerEvent: {}
[265.670312] (-) TimerEvent: {}
[265.770906] (-) TimerEvent: {}
[265.871732] (-) TimerEvent: {}
[265.972456] (-) TimerEvent: {}
[266.073128] (-) TimerEvent: {}
[266.173811] (-) TimerEvent: {}
[266.274505] (-) TimerEvent: {}
[266.368096] (drive_drone) StdoutLine: {'line': b'[ 75%] Built target tb3_follower_node\n'}
[266.374700] (-) TimerEvent: {}
[266.475821] (-) TimerEvent: {}
[266.530080] (drive_drone) StdoutLine: {'line': b'[ 87%] \x1b[32mBuilding CXX object CMakeFiles/p1_b_tb3_follower.dir/src/p1_b_tb3_follower.cpp.o\x1b[0m\n'}
[266.576026] (-) TimerEvent: {}
[266.676664] (-) TimerEvent: {}
[266.777286] (-) TimerEvent: {}
[266.877849] (-) TimerEvent: {}
[266.978622] (-) TimerEvent: {}
[267.079353] (-) TimerEvent: {}
[267.180089] (-) TimerEvent: {}
[267.280923] (-) TimerEvent: {}
[267.381561] (-) TimerEvent: {}
[267.482083] (-) TimerEvent: {}
[267.582674] (-) TimerEvent: {}
[267.683307] (-) TimerEvent: {}
[267.783889] (-) TimerEvent: {}
[267.884539] (-) TimerEvent: {}
[267.985204] (-) TimerEvent: {}
[268.076204] (drive_drone) StderrLine: {'line': b'\x1b[01m\x1b[K/home/user/PPO_drone_Gazebo_ROS2/src/drive_drone/src/p1_b_tb3_follower.cpp:4:10:\x1b[m\x1b[K \x1b[01;31m\x1b[Kfatal error: \x1b[m\x1b[Kcv_bridge/cv_bridge.h: No such file or directory\n'}
[268.076969] (drive_drone) StderrLine: {'line': b'    4 | #include \x1b[01;31m\x1b[K"cv_bridge/cv_bridge.h"\x1b[m\x1b[K\n'}
[268.077415] (drive_drone) StderrLine: {'line': b'      |          \x1b[01;31m\x1b[K^~~~~~~~~~~~~~~~~~~~~~~\x1b[m\x1b[K\n'}
[268.077726] (drive_drone) StderrLine: {'line': b'compilation terminated.\n'}
[268.085363] (-) TimerEvent: {}
[268.087934] (drive_drone) StderrLine: {'line': b'gmake[2]: *** [CMakeFiles/p1_b_tb3_follower.dir/build.make:76: CMakeFiles/p1_b_tb3_follower.dir/src/p1_b_tb3_follower.cpp.o] Error 1\n'}
[268.088915] (drive_drone) StderrLine: {'line': b'gmake[1]: *** [CMakeFiles/Makefile2:169: CMakeFiles/p1_b_tb3_follower.dir/all] Error 2\n'}
[268.089726] (drive_drone) StderrLine: {'line': b'gmake: *** [Makefile:146: all] Error 2\n'}
[268.098641] (drive_drone) CommandEnded: {'returncode': 2}
[268.132181] (drive_drone) JobEnded: {'identifier': 'drive_drone', 'rc': 2}
[268.144029] (-) EventReactorShutdown: {}
