[0.000000] (-) TimerEvent: {}
[0.004102] (-) JobUnselected: {'identifier': 'drive_drone'}
[0.004625] (-) JobUnselected: {'identifier': 'mml_guidance'}
[0.008404] (-) JobUnselected: {'identifier': 'sjtu_drone_bringup'}
[0.008722] (sjtu_drone_control) JobQueued: {'identifier': 'sjtu_drone_control', 'dependencies': OrderedDict()}
[0.008995] (sjtu_drone_description) JobQueued: {'identifier': 'sjtu_drone_description', 'dependencies': OrderedDict()}
[0.009255] (sjtu_drone_control) JobStarted: {'identifier': 'sjtu_drone_control'}
[0.100300] (-) TimerEvent: {}
[0.109916] (sjtu_drone_description) JobStarted: {'identifier': 'sjtu_drone_description'}
[0.200514] (-) TimerEvent: {}
[0.304720] (-) TimerEvent: {}
[0.408969] (-) TimerEvent: {}
[0.511311] (-) TimerEvent: {}
[0.614737] (-) TimerEvent: {}
[0.722091] (-) TimerEvent: {}
[0.832827] (-) TimerEvent: {}
[0.936348] (-) TimerEvent: {}
[1.040432] (-) TimerEvent: {}
[1.145775] (-) TimerEvent: {}
[1.250571] (-) TimerEvent: {}
[1.371295] (-) TimerEvent: {}
[1.472236] (-) TimerEvent: {}
[1.574275] (-) TimerEvent: {}
[1.675431] (-) TimerEvent: {}
[1.777454] (-) TimerEvent: {}
[1.885692] (-) TimerEvent: {}
[1.986744] (-) TimerEvent: {}
[2.087947] (-) TimerEvent: {}
[2.189323] (-) TimerEvent: {}
[2.290674] (-) TimerEvent: {}
[2.391926] (-) TimerEvent: {}
[2.497313] (-) TimerEvent: {}
[2.598355] (-) TimerEvent: {}
[2.699439] (-) TimerEvent: {}
[2.800447] (-) TimerEvent: {}
[2.816580] (sjtu_drone_description) JobProgress: {'identifier': 'sjtu_drone_description', 'progress': 'cmake'}
[2.827274] (sjtu_drone_description) JobProgress: {'identifier': 'sjtu_drone_description', 'progress': 'build'}
[2.839176] (sjtu_drone_description) Command: {'cmd': ['/usr/bin/cmake', '--build', '/home/user/PPO_drone_Gazebo_ROS2/build/sjtu_drone_description', '--', '-j8', '-l8'], 'cwd': '/home/user/PPO_drone_Gazebo_ROS2/build/sjtu_drone_description', 'env': OrderedDict([('LESSOPEN', '| /usr/bin/lesspipe %s'), ('CONDA_PROMPT_MODIFIER', '(base)'), ('GZ_SIM_RESOURCE_PATH', ':/home/user/PX4-Autopilot/Tools/simulation/gz/models:/home/user/PX4-Autopilot/Tools/simulation/gz/worlds:/home/user/PX4-Autopilot/Tools/simulation/gz/models:/home/user/PX4-Autopilot/Tools/simulation/gz/worlds'), ('LANGUAGE', 'en_US:en'), ('USER', 'user'), ('LC_TIME', 'en_US.UTF-8'), ('GZ_CONFIG_PATH', '/opt/ros/jazzy/opt/gz_sim_vendor/share/gz:/opt/ros/jazzy/opt/sdformat_vendor/share/gz:/opt/ros/jazzy/opt/gz_gui_vendor/share/gz:/opt/ros/jazzy/opt/gz_transport_vendor/share/gz:/opt/ros/jazzy/opt/gz_rendering_vendor/share/gz:/opt/ros/jazzy/opt/gz_plugin_vendor/share/gz:/opt/ros/jazzy/opt/gz_fuel_tools_vendor/share/gz:/opt/ros/jazzy/opt/gz_msgs_vendor/share/gz:/opt/ros/jazzy/opt/gz_common_vendor/share/gz'), ('XAUTHLOCALHOSTNAME', ''), ('HOSTNAME', 'ros2-humble.user-GL752VW'), ('XDG_SESSION_TYPE', 'x11'), ('XDG_CACHE_HOME', '/home/user/.cache'), ('CLUTTER_DISABLE_MIPMAPPED_TEXT', '1'), ('SHLVL', '2'), ('LD_LIBRARY_PATH', '/home/user/PPO_drone_Gazebo_ROS2/install/sjtu_drone_description/lib:/usr/lib/x86_64-linux-gnu/gazebo-11/plugins:/opt/ros/humble/opt/rviz_ogre_vendor/lib:/opt/ros/humble/lib/x86_64-linux-gnu:/opt/ros/humble/lib:/opt/ros/jazzy/opt/gz_sim_vendor/lib:/opt/ros/jazzy/opt/gz_sensors_vendor/lib:/opt/ros/jazzy/opt/gz_physics_vendor/lib:/opt/ros/jazzy/opt/sdformat_vendor/lib:/opt/ros/jazzy/opt/rviz_ogre_vendor/lib:/opt/ros/jazzy/lib/x86_64-linux-gnu:/opt/ros/jazzy/opt/gz_gui_vendor/lib:/opt/ros/jazzy/opt/gz_transport_vendor/lib:/opt/ros/jazzy/opt/gz_rendering_vendor/lib:/opt/ros/jazzy/opt/gz_plugin_vendor/lib:/opt/ros/jazzy/opt/gz_fuel_tools_vendor/lib:/opt/ros/jazzy/opt/gz_msgs_vendor/lib:/opt/ros/jazzy/opt/gz_common_vendor/lib:/opt/ros/jazzy/opt/gz_math_vendor/lib:/opt/ros/jazzy/opt/gz_utils_vendor/lib:/opt/ros/jazzy/opt/gz_tools_vendor/lib:/opt/ros/jazzy/opt/gz_ogre_next_vendor/lib:/opt/ros/jazzy/opt/gz_dartsim_vendor/lib:/opt/ros/jazzy/opt/gz_cmake_vendor/lib:/opt/ros/jazzy/lib'), ('HOME', '/home/user'), ('CONDA_SHLVL', '1'), ('DESKTOP_SESSION', 'ubuntu'), ('ROS_PYTHON_VERSION', '3'), ('GNOME_SHELL_SESSION_MODE', 'ubuntu'), ('GTK_MODULES', 'gail:atk-bridge'), ('LC_MONETARY', 'en_US.UTF-8'), ('DISTROBOX_ENTER_PATH', '/usr/bin/distrobox-enter'), ('SYSTEMD_EXEC_PID', '3013'), ('GSM_SKIP_SSH_AGENT_WORKAROUND', 'true'), ('XDG_STATE_HOME', '/home/user/.local/state'), ('DBUS_SESSION_BUS_ADDRESS', 'unix:path=/run/user/1000/bus'), ('COLORTERM', 'truecolor'), ('_CE_M', ''), ('container', 'podman'), ('_CONDA_ROOT', '/home/user/miniconda3'), ('COLCON_PREFIX_PATH', '/home/user/PPO_drone_Gazebo_ROS2/install'), ('ROS_DISTRO', 'humble'), ('GTK_IM_MODULE', 'fcitx'), ('LOGNAME', 'user'), ('_', '/usr/bin/colcon'), ('ROS_VERSION', '2'), ('MEMORY_PRESSURE_WATCH', '/sys/fs/cgroup/user.slice/user-1000.slice/user@1000.service/session.slice/org.gnome.Shell@x11.service/memory.pressure'), ('XDG_SESSION_CLASS', 'user'), ('TERMINFO_DIRS', '/usr/share/terminfo:/run/host/usr/share/terminfo'), ('USERNAME', 'user'), ('TERM', 'xterm-256color'), ('GNOME_DESKTOP_SESSION_ID', 'this-is-deprecated'), ('_CE_CONDA', ''), ('ROS_LOCALHOST_ONLY', '0'), ('WINDOWPATH', '2'), ('PATH', '/home/user/.local/bin:/opt/ros/humble/bin:/opt/ros/jazzy/opt/gz_msgs_vendor/bin:/opt/ros/jazzy/opt/gz_tools_vendor/bin:/opt/ros/jazzy/opt/gz_ogre_next_vendor/bin:/opt/ros/jazzy/bin:/home/user/miniconda3/bin:/home/user/miniconda3/condabin:/home/user/.local/bin:/usr/local/sbin:/usr/local/bin:/usr/sbin:/usr/bin:/sbin:/bin:/usr/games:/usr/local/games:/snap/bin:/snap/bin:/home/user/.local/bin:/home/user/.local/bin:/opt/xtensa-esp-elf/bin:/opt/xtensa-esp-elf/bin:/usr/local/sbin:/usr/local/bin:/usr/sbin:/usr/bin:/sbin:/bin:/home/user/.local/bin:/opt/xtensa-esp-elf/bin/:/opt/xtensa-esp-elf/bin/:/home/user/.local/bin'), ('SESSION_MANAGER', 'local/user-GL752VW:@/tmp/.ICE-unix/2957,unix/user-GL752VW:/tmp/.ICE-unix/2957'), ('PAPERSIZE', 'letter'), ('XDG_MENU_PREFIX', 'gnome-'), ('LC_ADDRESS', 'en_US.UTF-8'), ('GNOME_TERMINAL_SCREEN', '/org/gnome/Terminal/screen/9e9307b5_1fb7_43ed_859c_b957e82b0edd'), ('XDG_RUNTIME_DIR', '/run/user/1000'), ('MAMBA_ROOT_PREFIX', '/home/user/micromamba'), ('DISPLAY', ':1'), ('LANG', 'en_US.UTF-8'), ('XDG_CURRENT_DESKTOP', 'ubuntu:GNOME'), ('LC_TELEPHONE', 'en_US.UTF-8'), ('XDG_DATA_HOME', '/home/user/.local/share'), ('XDG_CONFIG_HOME', '/home/user/.config'), ('XMODIFIERS', '@im=fcitx'), ('XDG_SESSION_DESKTOP', 'ubuntu'), ('XAUTHORITY', '/run/user/1000/gdm/Xauthority'), ('LS_COLORS', 'rs=0:di=01;34:ln=01;36:mh=00:pi=40;33:so=01;35:do=01;35:bd=40;33;01:cd=40;33;01:or=40;31;01:mi=00:su=37;41:sg=30;43:ca=30;41:tw=30;42:ow=34;42:st=37;44:ex=01;32:*.tar=01;31:*.tgz=01;31:*.arc=01;31:*.arj=01;31:*.taz=01;31:*.lha=01;31:*.lz4=01;31:*.lzh=01;31:*.lzma=01;31:*.tlz=01;31:*.txz=01;31:*.tzo=01;31:*.t7z=01;31:*.zip=01;31:*.z=01;31:*.dz=01;31:*.gz=01;31:*.lrz=01;31:*.lz=01;31:*.lzo=01;31:*.xz=01;31:*.zst=01;31:*.tzst=01;31:*.bz2=01;31:*.bz=01;31:*.tbz=01;31:*.tbz2=01;31:*.tz=01;31:*.deb=01;31:*.rpm=01;31:*.jar=01;31:*.war=01;31:*.ear=01;31:*.sar=01;31:*.rar=01;31:*.alz=01;31:*.ace=01;31:*.zoo=01;31:*.cpio=01;31:*.7z=01;31:*.rz=01;31:*.cab=01;31:*.wim=01;31:*.swm=01;31:*.dwm=01;31:*.esd=01;31:*.jpg=01;35:*.jpeg=01;35:*.mjpg=01;35:*.mjpeg=01;35:*.gif=01;35:*.bmp=01;35:*.pbm=01;35:*.pgm=01;35:*.ppm=01;35:*.tga=01;35:*.xbm=01;35:*.xpm=01;35:*.tif=01;35:*.tiff=01;35:*.png=01;35:*.svg=01;35:*.svgz=01;35:*.mng=01;35:*.pcx=01;35:*.mov=01;35:*.mpg=01;35:*.mpeg=01;35:*.m2v=01;35:*.mkv=01;35:*.webm=01;35:*.webp=01;35:*.ogm=01;35:*.mp4=01;35:*.m4v=01;35:*.mp4v=01;35:*.vob=01;35:*.qt=01;35:*.nuv=01;35:*.wmv=01;35:*.asf=01;35:*.rm=01;35:*.rmvb=01;35:*.flc=01;35:*.avi=01;35:*.fli=01;35:*.flv=01;35:*.gl=01;35:*.dl=01;35:*.xcf=01;35:*.xwd=01;35:*.yuv=01;35:*.cgm=01;35:*.emf=01;35:*.ogv=01;35:*.ogx=01;35:*.aac=00;36:*.au=00;36:*.flac=00;36:*.m4a=00;36:*.mid=00;36:*.midi=00;36:*.mka=00;36:*.mp3=00;36:*.mpc=00;36:*.ogg=00;36:*.ra=00;36:*.wav=00;36:*.oga=00;36:*.opus=00;36:*.spx=00;36:*.xspf=00;36:'), ('GNOME_TERMINAL_SERVICE', ':1.109'), ('SSH_AUTH_SOCK', '/run/user/1000/keyring/ssh'), ('AMENT_PREFIX_PATH', '/home/user/PPO_drone_Gazebo_ROS2/install/sjtu_drone_description:/home/user/PPO_drone_Gazebo_ROS2/install/sjtu_drone_control:/home/user/PPO_drone_Gazebo_ROS2/install/sjtu_drone_bringup:/home/user/PPO_drone_Gazebo_ROS2/install/mml_guidance:/home/user/PPO_drone_Gazebo_ROS2/install/drive_drone:/opt/ros/humble:/opt/ros/jazzy'), ('CONDA_PYTHON_EXE', '/home/user/miniconda3/bin/python'), ('SHELL', '/usr/bin/bash'), ('LC_NAME', 'en_US.UTF-8'), ('QT_ACCESSIBILITY', '1'), ('GDMSESSION', 'ubuntu'), ('LESSCLOSE', '/usr/bin/lesspipe %s %s'), ('CONDA_DEFAULT_ENV', 'base'), ('LC_MEASUREMENT', 'en_US.UTF-8'), ('GPG_AGENT_INFO', '/run/user/1000/gnupg/S.gpg-agent:0:1'), ('_CONDA_EXE', '/home/user/miniconda3/bin/conda'), ('MAMBA_EXE', '/home/user/.local/bin/micromamba'), ('LC_IDENTIFICATION', 'en_US.UTF-8'), ('ROS_AUTOMATIC_DISCOVERY_RANGE', 'SUBNET'), ('QT_IM_MODULE', 'fcitx'), ('PWD', '/home/user/PPO_drone_Gazebo_ROS2/build/sjtu_drone_description'), ('CONTAINER_ID', 'ros2-humble'), ('TURTLEBOT3_MODEL', 'burger'), ('LC_ALL', 'en_US.UTF-8'), ('XDG_CONFIG_DIRS', '/etc/xdg/xdg-ubuntu:/etc/xdg'), ('CONDA_EXE', '/home/user/miniconda3/bin/conda'), ('XDG_DATA_DIRS', '/usr/share/ubuntu:/usr/share/gnome:/usr/local/share/:/usr/share/:/var/lib/snapd/desktop:/usr/local/share:/usr/share'), ('QTWEBENGINE_DICTIONARIES_PATH', '/usr/share/hunspell-bdic/'), ('PYTHONPATH', '/home/user/PPO_drone_Gazebo_ROS2/install/sjtu_drone_control/lib/python3.10/site-packages:/home/user/PPO_drone_Gazebo_ROS2/install/sjtu_drone_bringup/lib/python3.10/site-packages:/home/user/PPO_drone_Gazebo_ROS2/build/mml_guidance:/home/user/PPO_drone_Gazebo_ROS2/install/mml_guidance/lib/python3.10/site-packages:/opt/ros/humble/lib/python3.10/site-packages:/opt/ros/humble/local/lib/python3.10/dist-packages:/opt/ros/jazzy/lib/python3.12/site-packages'), ('LC_NUMERIC', 'en_US.UTF-8'), ('CONDA_PREFIX', '/home/user/miniconda3'), ('LC_PAPER', 'en_US.UTF-8'), ('COLCON', '1'), ('MEMORY_PRESSURE_WRITE', 'c29tZSAyMDAwMDAgMjAwMDAwMAA='), ('VTE_VERSION', '7600'), ('CMAKE_PREFIX_PATH', '/home/user/PPO_drone_Gazebo_ROS2/install/sjtu_drone_description:/home/user/PPO_drone_Gazebo_ROS2/install/drive_drone:/opt/ros/jazzy/opt/gz_sim_vendor:/opt/ros/jazzy/opt/gz_sensors_vendor:/opt/ros/jazzy/opt/gz_physics_vendor:/opt/ros/jazzy/opt/sdformat_vendor:/opt/ros/jazzy/opt/gz_gui_vendor:/opt/ros/jazzy/opt/gz_transport_vendor:/opt/ros/jazzy/opt/gz_rendering_vendor:/opt/ros/jazzy/opt/gz_plugin_vendor:/opt/ros/jazzy/opt/gz_fuel_tools_vendor:/opt/ros/jazzy/opt/gz_msgs_vendor:/opt/ros/jazzy/opt/gz_common_vendor:/opt/ros/jazzy/opt/gz_math_vendor:/opt/ros/jazzy/opt/gz_utils_vendor:/opt/ros/jazzy/opt/gz_tools_vendor:/opt/ros/jazzy/opt/gz_ogre_next_vendor:/opt/ros/jazzy/opt/gz_dartsim_vendor:/opt/ros/jazzy/opt/gz_cmake_vendor:/home/user/PPO_drone_Gazebo_ROS2/install/sjtu_drone_control:/home/user/PPO_drone_Gazebo_ROS2/install/sjtu_drone_bringup:/home/user/PPO_drone_Gazebo_ROS2/install/mml_guidance:/opt/ros/humble:/opt/ros/jazzy')]), 'shell': False}
[2.900698] (-) TimerEvent: {}
[3.001739] (-) TimerEvent: {}
[3.102615] (-) TimerEvent: {}
[3.153621] (sjtu_drone_description) StdoutLine: {'line': b'-- Found PkgConfig: /usr/bin/pkg-config (found version "0.29.2") \n'}
[3.197122] (sjtu_drone_description) StdoutLine: {'line': b'-- Found ament_cmake: 1.3.12 (/opt/ros/humble/share/ament_cmake/cmake)\n'}
[3.202791] (-) TimerEvent: {}
[3.304730] (-) TimerEvent: {}
[3.406855] (-) TimerEvent: {}
[3.515576] (-) TimerEvent: {}
[3.619943] (-) TimerEvent: {}
[3.722413] (-) TimerEvent: {}
[3.777390] (sjtu_drone_description) StdoutLine: {'line': b'-- Found Python3: /usr/bin/python3 (found version "3.10.12") found components: Interpreter \n'}
[3.822593] (-) TimerEvent: {}
[3.932192] (-) TimerEvent: {}
[4.044814] (-) TimerEvent: {}
[4.150067] (-) TimerEvent: {}
[4.251699] (-) TimerEvent: {}
[4.360670] (-) TimerEvent: {}
[4.462294] (-) TimerEvent: {}
[4.585380] (-) TimerEvent: {}
[4.606370] (sjtu_drone_description) StdoutLine: {'line': b'-- Override CMake install command with custom implementation using symlinks instead of copying resources\n'}
[4.685616] (-) TimerEvent: {}
[4.787299] (-) TimerEvent: {}
[4.889815] (-) TimerEvent: {}
[4.990923] (-) TimerEvent: {}
[5.078441] (sjtu_drone_description) StdoutLine: {'line': b'-- Found ament_cmake_ros: 0.10.0 (/opt/ros/humble/share/ament_cmake_ros/cmake)\n'}
[5.091198] (-) TimerEvent: {}
[5.192658] (-) TimerEvent: {}
[5.247211] (sjtu_drone_description) StdoutLine: {'line': b'-- Found rclcpp: 16.0.15 (/opt/ros/humble/share/rclcpp/cmake)\n'}
[5.297332] (-) TimerEvent: {}
[5.398347] (-) TimerEvent: {}
[5.500548] (-) TimerEvent: {}
[5.601757] (-) TimerEvent: {}
[5.702874] (-) TimerEvent: {}
[5.803821] (-) TimerEvent: {}
[5.859468] (sjtu_drone_description) StdoutLine: {'line': b'-- Found rosidl_generator_c: 3.1.7 (/opt/ros/humble/share/rosidl_generator_c/cmake)\n'}
[5.887812] (sjtu_drone_description) StdoutLine: {'line': b'-- Found rosidl_adapter: 3.1.7 (/opt/ros/humble/share/rosidl_adapter/cmake)\n'}
[5.904047] (-) TimerEvent: {}
[5.994029] (sjtu_drone_description) StdoutLine: {'line': b'-- Found rosidl_generator_cpp: 3.1.7 (/opt/ros/humble/share/rosidl_generator_cpp/cmake)\n'}
[6.005283] (-) TimerEvent: {}
[6.108547] (-) TimerEvent: {}
[6.163544] (sjtu_drone_description) StdoutLine: {'line': b'-- Using all available rosidl_typesupport_c: rosidl_typesupport_fastrtps_c;rosidl_typesupport_introspection_c\n'}
[6.209297] (-) TimerEvent: {}
[6.312699] (-) TimerEvent: {}
[6.417650] (-) TimerEvent: {}
[6.428498] (sjtu_drone_description) StdoutLine: {'line': b'-- Using all available rosidl_typesupport_cpp: rosidl_typesupport_fastrtps_cpp;rosidl_typesupport_introspection_cpp\n'}
[6.515539] (sjtu_drone_control) Command: {'cmd': ['/usr/bin/python3', '-W', 'ignore:setup.py install is deprecated', '-W', 'ignore:easy_install command is deprecated', 'setup.py', 'egg_info', '--egg-base', '../../../build/sjtu_drone_control', 'build', '--build-base', '/home/user/PPO_drone_Gazebo_ROS2/build/sjtu_drone_control/build', 'install', '--record', '/home/user/PPO_drone_Gazebo_ROS2/build/sjtu_drone_control/install.log', '--single-version-externally-managed', 'install_data'], 'cwd': '/home/user/PPO_drone_Gazebo_ROS2/src/sjtu_drone/sjtu_drone_control', 'env': {'LESSOPEN': '| /usr/bin/lesspipe %s', 'CONDA_PROMPT_MODIFIER': '(base)', 'GZ_SIM_RESOURCE_PATH': ':/home/user/PX4-Autopilot/Tools/simulation/gz/models:/home/user/PX4-Autopilot/Tools/simulation/gz/worlds:/home/user/PX4-Autopilot/Tools/simulation/gz/models:/home/user/PX4-Autopilot/Tools/simulation/gz/worlds', 'LANGUAGE': 'en_US:en', 'USER': 'user', 'LC_TIME': 'en_US.UTF-8', 'GZ_CONFIG_PATH': '/opt/ros/jazzy/opt/gz_sim_vendor/share/gz:/opt/ros/jazzy/opt/sdformat_vendor/share/gz:/opt/ros/jazzy/opt/gz_gui_vendor/share/gz:/opt/ros/jazzy/opt/gz_transport_vendor/share/gz:/opt/ros/jazzy/opt/gz_rendering_vendor/share/gz:/opt/ros/jazzy/opt/gz_plugin_vendor/share/gz:/opt/ros/jazzy/opt/gz_fuel_tools_vendor/share/gz:/opt/ros/jazzy/opt/gz_msgs_vendor/share/gz:/opt/ros/jazzy/opt/gz_common_vendor/share/gz', 'XAUTHLOCALHOSTNAME': '', 'HOSTNAME': 'ros2-humble.user-GL752VW', 'XDG_SESSION_TYPE': 'x11', 'XDG_CACHE_HOME': '/home/user/.cache', 'CLUTTER_DISABLE_MIPMAPPED_TEXT': '1', 'SHLVL': '2', 'LD_LIBRARY_PATH': '/home/user/PPO_drone_Gazebo_ROS2/install/sjtu_drone_description/lib:/usr/lib/x86_64-linux-gnu/gazebo-11/plugins:/opt/ros/humble/opt/rviz_ogre_vendor/lib:/opt/ros/humble/lib/x86_64-linux-gnu:/opt/ros/humble/lib:/opt/ros/jazzy/opt/gz_sim_vendor/lib:/opt/ros/jazzy/opt/gz_sensors_vendor/lib:/opt/ros/jazzy/opt/gz_physics_vendor/lib:/opt/ros/jazzy/opt/sdformat_vendor/lib:/opt/ros/jazzy/opt/rviz_ogre_vendor/lib:/opt/ros/jazzy/lib/x86_64-linux-gnu:/opt/ros/jazzy/opt/gz_gui_vendor/lib:/opt/ros/jazzy/opt/gz_transport_vendor/lib:/opt/ros/jazzy/opt/gz_rendering_vendor/lib:/opt/ros/jazzy/opt/gz_plugin_vendor/lib:/opt/ros/jazzy/opt/gz_fuel_tools_vendor/lib:/opt/ros/jazzy/opt/gz_msgs_vendor/lib:/opt/ros/jazzy/opt/gz_common_vendor/lib:/opt/ros/jazzy/opt/gz_math_vendor/lib:/opt/ros/jazzy/opt/gz_utils_vendor/lib:/opt/ros/jazzy/opt/gz_tools_vendor/lib:/opt/ros/jazzy/opt/gz_ogre_next_vendor/lib:/opt/ros/jazzy/opt/gz_dartsim_vendor/lib:/opt/ros/jazzy/opt/gz_cmake_vendor/lib:/opt/ros/jazzy/lib', 'HOME': '/home/user', 'CONDA_SHLVL': '1', 'DESKTOP_SESSION': 'ubuntu', 'ROS_PYTHON_VERSION': '3', 'GNOME_SHELL_SESSION_MODE': 'ubuntu', 'GTK_MODULES': 'gail:atk-bridge', 'LC_MONETARY': 'en_US.UTF-8', 'DISTROBOX_ENTER_PATH': '/usr/bin/distrobox-enter', 'SYSTEMD_EXEC_PID': '3013', 'GSM_SKIP_SSH_AGENT_WORKAROUND': 'true', 'XDG_STATE_HOME': '/home/user/.local/state', 'DBUS_SESSION_BUS_ADDRESS': 'unix:path=/run/user/1000/bus', 'COLORTERM': 'truecolor', '_CE_M': '', 'container': 'podman', '_CONDA_ROOT': '/home/user/miniconda3', 'COLCON_PREFIX_PATH': '/home/user/PPO_drone_Gazebo_ROS2/install', 'ROS_DISTRO': 'humble', 'GTK_IM_MODULE': 'fcitx', 'LOGNAME': 'user', '_': '/usr/bin/colcon', 'ROS_VERSION': '2', 'MEMORY_PRESSURE_WATCH': '/sys/fs/cgroup/user.slice/user-1000.slice/user@1000.service/session.slice/org.gnome.Shell@x11.service/memory.pressure', 'XDG_SESSION_CLASS': 'user', 'TERMINFO_DIRS': '/usr/share/terminfo:/run/host/usr/share/terminfo', 'USERNAME': 'user', 'TERM': 'xterm-256color', 'GNOME_DESKTOP_SESSION_ID': 'this-is-deprecated', '_CE_CONDA': '', 'ROS_LOCALHOST_ONLY': '0', 'WINDOWPATH': '2', 'PATH': '/home/user/.local/bin:/opt/ros/humble/bin:/opt/ros/jazzy/opt/gz_msgs_vendor/bin:/opt/ros/jazzy/opt/gz_tools_vendor/bin:/opt/ros/jazzy/opt/gz_ogre_next_vendor/bin:/opt/ros/jazzy/bin:/home/user/miniconda3/bin:/home/user/miniconda3/condabin:/home/user/.local/bin:/usr/local/sbin:/usr/local/bin:/usr/sbin:/usr/bin:/sbin:/bin:/usr/games:/usr/local/games:/snap/bin:/snap/bin:/home/user/.local/bin:/home/user/.local/bin:/opt/xtensa-esp-elf/bin:/opt/xtensa-esp-elf/bin:/usr/local/sbin:/usr/local/bin:/usr/sbin:/usr/bin:/sbin:/bin:/home/user/.local/bin:/opt/xtensa-esp-elf/bin/:/opt/xtensa-esp-elf/bin/:/home/user/.local/bin', 'SESSION_MANAGER': 'local/user-GL752VW:@/tmp/.ICE-unix/2957,unix/user-GL752VW:/tmp/.ICE-unix/2957', 'PAPERSIZE': 'letter', 'XDG_MENU_PREFIX': 'gnome-', 'LC_ADDRESS': 'en_US.UTF-8', 'GNOME_TERMINAL_SCREEN': '/org/gnome/Terminal/screen/9e9307b5_1fb7_43ed_859c_b957e82b0edd', 'XDG_RUNTIME_DIR': '/run/user/1000', 'MAMBA_ROOT_PREFIX': '/home/user/micromamba', 'DISPLAY': ':1', 'LANG': 'en_US.UTF-8', 'XDG_CURRENT_DESKTOP': 'ubuntu:GNOME', 'LC_TELEPHONE': 'en_US.UTF-8', 'XDG_DATA_HOME': '/home/user/.local/share', 'XDG_CONFIG_HOME': '/home/user/.config', 'XMODIFIERS': '@im=fcitx', 'XDG_SESSION_DESKTOP': 'ubuntu', 'XAUTHORITY': '/run/user/1000/gdm/Xauthority', 'LS_COLORS': 'rs=0:di=01;34:ln=01;36:mh=00:pi=40;33:so=01;35:do=01;35:bd=40;33;01:cd=40;33;01:or=40;31;01:mi=00:su=37;41:sg=30;43:ca=30;41:tw=30;42:ow=34;42:st=37;44:ex=01;32:*.tar=01;31:*.tgz=01;31:*.arc=01;31:*.arj=01;31:*.taz=01;31:*.lha=01;31:*.lz4=01;31:*.lzh=01;31:*.lzma=01;31:*.tlz=01;31:*.txz=01;31:*.tzo=01;31:*.t7z=01;31:*.zip=01;31:*.z=01;31:*.dz=01;31:*.gz=01;31:*.lrz=01;31:*.lz=01;31:*.lzo=01;31:*.xz=01;31:*.zst=01;31:*.tzst=01;31:*.bz2=01;31:*.bz=01;31:*.tbz=01;31:*.tbz2=01;31:*.tz=01;31:*.deb=01;31:*.rpm=01;31:*.jar=01;31:*.war=01;31:*.ear=01;31:*.sar=01;31:*.rar=01;31:*.alz=01;31:*.ace=01;31:*.zoo=01;31:*.cpio=01;31:*.7z=01;31:*.rz=01;31:*.cab=01;31:*.wim=01;31:*.swm=01;31:*.dwm=01;31:*.esd=01;31:*.jpg=01;35:*.jpeg=01;35:*.mjpg=01;35:*.mjpeg=01;35:*.gif=01;35:*.bmp=01;35:*.pbm=01;35:*.pgm=01;35:*.ppm=01;35:*.tga=01;35:*.xbm=01;35:*.xpm=01;35:*.tif=01;35:*.tiff=01;35:*.png=01;35:*.svg=01;35:*.svgz=01;35:*.mng=01;35:*.pcx=01;35:*.mov=01;35:*.mpg=01;35:*.mpeg=01;35:*.m2v=01;35:*.mkv=01;35:*.webm=01;35:*.webp=01;35:*.ogm=01;35:*.mp4=01;35:*.m4v=01;35:*.mp4v=01;35:*.vob=01;35:*.qt=01;35:*.nuv=01;35:*.wmv=01;35:*.asf=01;35:*.rm=01;35:*.rmvb=01;35:*.flc=01;35:*.avi=01;35:*.fli=01;35:*.flv=01;35:*.gl=01;35:*.dl=01;35:*.xcf=01;35:*.xwd=01;35:*.yuv=01;35:*.cgm=01;35:*.emf=01;35:*.ogv=01;35:*.ogx=01;35:*.aac=00;36:*.au=00;36:*.flac=00;36:*.m4a=00;36:*.mid=00;36:*.midi=00;36:*.mka=00;36:*.mp3=00;36:*.mpc=00;36:*.ogg=00;36:*.ra=00;36:*.wav=00;36:*.oga=00;36:*.opus=00;36:*.spx=00;36:*.xspf=00;36:', 'GNOME_TERMINAL_SERVICE': ':1.109', 'SSH_AUTH_SOCK': '/run/user/1000/keyring/ssh', 'AMENT_PREFIX_PATH': '/home/user/PPO_drone_Gazebo_ROS2/install/sjtu_drone_description:/home/user/PPO_drone_Gazebo_ROS2/install/sjtu_drone_control:/home/user/PPO_drone_Gazebo_ROS2/install/sjtu_drone_bringup:/home/user/PPO_drone_Gazebo_ROS2/install/mml_guidance:/home/user/PPO_drone_Gazebo_ROS2/install/drive_drone:/opt/ros/humble:/opt/ros/jazzy', 'CONDA_PYTHON_EXE': '/home/user/miniconda3/bin/python', 'SHELL': '/usr/bin/bash', 'LC_NAME': 'en_US.UTF-8', 'QT_ACCESSIBILITY': '1', 'GDMSESSION': 'ubuntu', 'LESSCLOSE': '/usr/bin/lesspipe %s %s', 'CONDA_DEFAULT_ENV': 'base', 'LC_MEASUREMENT': 'en_US.UTF-8', 'GPG_AGENT_INFO': '/run/user/1000/gnupg/S.gpg-agent:0:1', '_CONDA_EXE': '/home/user/miniconda3/bin/conda', 'MAMBA_EXE': '/home/user/.local/bin/micromamba', 'LC_IDENTIFICATION': 'en_US.UTF-8', 'ROS_AUTOMATIC_DISCOVERY_RANGE': 'SUBNET', 'QT_IM_MODULE': 'fcitx', 'PWD': '/home/user/PPO_drone_Gazebo_ROS2/build/sjtu_drone_control', 'CONTAINER_ID': 'ros2-humble', 'TURTLEBOT3_MODEL': 'burger', 'LC_ALL': 'en_US.UTF-8', 'XDG_CONFIG_DIRS': '/etc/xdg/xdg-ubuntu:/etc/xdg', 'CONDA_EXE': '/home/user/miniconda3/bin/conda', 'XDG_DATA_DIRS': '/usr/share/ubuntu:/usr/share/gnome:/usr/local/share/:/usr/share/:/var/lib/snapd/desktop:/usr/local/share:/usr/share', 'QTWEBENGINE_DICTIONARIES_PATH': '/usr/share/hunspell-bdic/', 'PYTHONPATH': '/home/user/PPO_drone_Gazebo_ROS2/build/sjtu_drone_control/prefix_override:/usr/lib/python3/dist-packages/colcon_core/task/python/colcon_distutils_commands:/home/user/PPO_drone_Gazebo_ROS2/install/sjtu_drone_control/lib/python3.10/site-packages:/home/user/PPO_drone_Gazebo_ROS2/install/sjtu_drone_control/lib/python3.10/site-packages:/home/user/PPO_drone_Gazebo_ROS2/install/sjtu_drone_bringup/lib/python3.10/site-packages:/home/user/PPO_drone_Gazebo_ROS2/build/mml_guidance:/home/user/PPO_drone_Gazebo_ROS2/install/mml_guidance/lib/python3.10/site-packages:/opt/ros/humble/lib/python3.10/site-packages:/opt/ros/humble/local/lib/python3.10/dist-packages:/opt/ros/jazzy/lib/python3.12/site-packages', 'LC_NUMERIC': 'en_US.UTF-8', 'CONDA_PREFIX': '/home/user/miniconda3', 'LC_PAPER': 'en_US.UTF-8', 'COLCON': '1', 'MEMORY_PRESSURE_WRITE': 'c29tZSAyMDAwMDAgMjAwMDAwMAA=', 'VTE_VERSION': '7600', 'CMAKE_PREFIX_PATH': '/home/user/PPO_drone_Gazebo_ROS2/install/sjtu_drone_description:/home/user/PPO_drone_Gazebo_ROS2/install/drive_drone:/opt/ros/jazzy/opt/gz_sim_vendor:/opt/ros/jazzy/opt/gz_sensors_vendor:/opt/ros/jazzy/opt/gz_physics_vendor:/opt/ros/jazzy/opt/sdformat_vendor:/opt/ros/jazzy/opt/gz_gui_vendor:/opt/ros/jazzy/opt/gz_transport_vendor:/opt/ros/jazzy/opt/gz_rendering_vendor:/opt/ros/jazzy/opt/gz_plugin_vendor:/opt/ros/jazzy/opt/gz_fuel_tools_vendor:/opt/ros/jazzy/opt/gz_msgs_vendor:/opt/ros/jazzy/opt/gz_common_vendor:/opt/ros/jazzy/opt/gz_math_vendor:/opt/ros/jazzy/opt/gz_utils_vendor:/opt/ros/jazzy/opt/gz_tools_vendor:/opt/ros/jazzy/opt/gz_ogre_next_vendor:/opt/ros/jazzy/opt/gz_dartsim_vendor:/opt/ros/jazzy/opt/gz_cmake_vendor'}, 'shell': False}
[6.535018] (-) TimerEvent: {}
[6.639997] (-) TimerEvent: {}
[6.741998] (-) TimerEvent: {}
[6.843493] (-) TimerEvent: {}
[6.944734] (-) TimerEvent: {}
[7.070194] (sjtu_drone_description) StdoutLine: {'line': b'-- Found rmw_implementation_cmake: 6.1.2 (/opt/ros/humble/share/rmw_implementation_cmake/cmake)\n'}
[7.079194] (-) TimerEvent: {}
[7.094999] (sjtu_drone_description) StdoutLine: {'line': b'-- Found rmw_fastrtps_cpp: 6.2.9 (/opt/ros/humble/share/rmw_fastrtps_cpp/cmake)\n'}
[7.180470] (-) TimerEvent: {}
[7.284774] (-) TimerEvent: {}
[7.387910] (-) TimerEvent: {}
[7.494512] (-) TimerEvent: {}
[7.604303] (-) TimerEvent: {}
[7.706284] (-) TimerEvent: {}
[7.808353] (-) TimerEvent: {}
[7.819420] (sjtu_drone_description) StdoutLine: {'line': b'-- Found OpenSSL: /usr/lib/x86_64-linux-gnu/libcrypto.so (found version "3.0.2")  \n'}
[7.908860] (-) TimerEvent: {}
[8.029628] (-) TimerEvent: {}
[8.139928] (-) TimerEvent: {}
[8.244617] (-) TimerEvent: {}
[8.282821] (sjtu_drone_description) StdoutLine: {'line': b'-- Found FastRTPS: /opt/ros/humble/include  \n'}
[8.344984] (-) TimerEvent: {}
[8.449343] (-) TimerEvent: {}
[8.550647] (-) TimerEvent: {}
[8.651878] (-) TimerEvent: {}
[8.753743] (-) TimerEvent: {}
[8.855862] (-) TimerEvent: {}
[8.963263] (-) TimerEvent: {}
[8.969497] (sjtu_drone_description) StdoutLine: {'line': b"-- Using RMW implementation 'rmw_fastrtps_cpp' as default\n"}
[9.099785] (-) TimerEvent: {}
[9.202626] (-) TimerEvent: {}
[9.303713] (-) TimerEvent: {}
[9.410818] (-) TimerEvent: {}
[9.519720] (-) TimerEvent: {}
[9.628407] (-) TimerEvent: {}
[9.730390] (-) TimerEvent: {}
[9.799653] (sjtu_drone_control) StdoutLine: {'line': b'running egg_info\n'}
[9.806660] (sjtu_drone_control) StdoutLine: {'line': b'writing ../../../build/sjtu_drone_control/sjtu_drone_control.egg-info/PKG-INFO\n'}
[9.816185] (sjtu_drone_control) StdoutLine: {'line': b'writing dependency_links to ../../../build/sjtu_drone_control/sjtu_drone_control.egg-info/dependency_links.txt\n'}
[9.816982] (sjtu_drone_control) StdoutLine: {'line': b'writing entry points to ../../../build/sjtu_drone_control/sjtu_drone_control.egg-info/entry_points.txt\n'}
[9.825217] (sjtu_drone_control) StdoutLine: {'line': b'writing requirements to ../../../build/sjtu_drone_control/sjtu_drone_control.egg-info/requires.txt\n'}
[9.827323] (sjtu_drone_control) StdoutLine: {'line': b'writing top-level names to ../../../build/sjtu_drone_control/sjtu_drone_control.egg-info/top_level.txt\n'}
[9.829689] (sjtu_drone_description) StdoutLine: {'line': b'-- Found gazebo_ros: 3.9.0 (/opt/ros/humble/share/gazebo_ros/cmake)\n'}
[9.833978] (-) TimerEvent: {}
[9.841425] (sjtu_drone_control) StdoutLine: {'line': b"reading manifest file '../../../build/sjtu_drone_control/sjtu_drone_control.egg-info/SOURCES.txt'\n"}
[9.843793] (sjtu_drone_control) StdoutLine: {'line': b"writing manifest file '../../../build/sjtu_drone_control/sjtu_drone_control.egg-info/SOURCES.txt'\n"}
[9.844540] (sjtu_drone_control) StdoutLine: {'line': b'running build\n'}
[9.845216] (sjtu_drone_control) StdoutLine: {'line': b'running build_py\n'}
[9.848501] (sjtu_drone_control) StdoutLine: {'line': b'running install\n'}
[9.851917] (sjtu_drone_control) StdoutLine: {'line': b'running install_lib\n'}
[9.865056] (sjtu_drone_control) StdoutLine: {'line': b'running install_data\n'}
[9.867502] (sjtu_drone_control) StdoutLine: {'line': b'running install_egg_info\n'}
[9.886368] (sjtu_drone_control) StdoutLine: {'line': b"removing '/home/user/PPO_drone_Gazebo_ROS2/install/sjtu_drone_control/lib/python3.10/site-packages/sjtu_drone_control-0.0.0-py3.10.egg-info' (and everything under it)\n"}
[9.889802] (sjtu_drone_control) StdoutLine: {'line': b'Copying ../../../build/sjtu_drone_control/sjtu_drone_control.egg-info to /home/user/PPO_drone_Gazebo_ROS2/install/sjtu_drone_control/lib/python3.10/site-packages/sjtu_drone_control-0.0.0-py3.10.egg-info\n'}
[9.899466] (sjtu_drone_control) StdoutLine: {'line': b'running install_scripts\n'}
[9.936304] (-) TimerEvent: {}
[10.038552] (-) TimerEvent: {}
[10.142327] (-) TimerEvent: {}
[10.173017] (sjtu_drone_control) StdoutLine: {'line': b'Installing drone_position_control script to /home/user/PPO_drone_Gazebo_ROS2/install/sjtu_drone_control/lib/sjtu_drone_control\n'}
[10.192442] (sjtu_drone_control) StdoutLine: {'line': b'Installing open_loop_control script to /home/user/PPO_drone_Gazebo_ROS2/install/sjtu_drone_control/lib/sjtu_drone_control\n'}
[10.193329] (sjtu_drone_control) StdoutLine: {'line': b'Installing teleop script to /home/user/PPO_drone_Gazebo_ROS2/install/sjtu_drone_control/lib/sjtu_drone_control\n'}
[10.211857] (sjtu_drone_control) StdoutLine: {'line': b'Installing teleop_joystick script to /home/user/PPO_drone_Gazebo_ROS2/install/sjtu_drone_control/lib/sjtu_drone_control\n'}
[10.213008] (sjtu_drone_control) StdoutLine: {'line': b"writing list of installed files to '/home/user/PPO_drone_Gazebo_ROS2/build/sjtu_drone_control/install.log'\n"}
[10.242924] (-) TimerEvent: {}
[10.345071] (-) TimerEvent: {}
[10.399748] (sjtu_drone_control) CommandEnded: {'returncode': 0}
[10.410709] (sjtu_drone_description) StdoutLine: {'line': b'-- Found DART: /usr/include (Required is at least version "6.6") found components: dart \n'}
[10.447391] (-) TimerEvent: {}
[10.557366] (-) TimerEvent: {}
[10.616543] (sjtu_drone_control) JobEnded: {'identifier': 'sjtu_drone_control', 'rc': 0}
[10.658500] (-) TimerEvent: {}
[10.761765] (-) TimerEvent: {}
[10.853451] (sjtu_drone_description) StdoutLine: {'line': b'-- Found Protobuf: /usr/lib/x86_64-linux-gnu/libprotobuf.so (found version "3.12.4") \n'}
[10.863437] (-) TimerEvent: {}
[10.889593] (sjtu_drone_description) StdoutLine: {'line': b'-- Looking for ignition-math6 -- found version 6.15.1\n'}
[10.947445] (sjtu_drone_description) StdoutLine: {'line': b'-- Searching for dependencies of ignition-math6\n'}
[10.963717] (-) TimerEvent: {}
[10.966335] (sjtu_drone_description) StdoutLine: {'line': b'-- Looking for OGRE...\n'}
[11.017994] (sjtu_drone_description) StdoutLine: {'line': b'-- Found Ogre Ghadamon (1.9.0)\n'}
[11.064016] (-) TimerEvent: {}
[11.127285] (sjtu_drone_description) StdoutLine: {'line': b'-- Looking for OGRE_Paging...\n'}
[11.129047] (sjtu_drone_description) StdoutLine: {'line': b'-- Found OGRE_Paging: optimized;/usr/lib/x86_64-linux-gnu/libOgrePaging.so;debug;/usr/lib/x86_64-linux-gnu/libOgrePaging.so\n'}
[11.129945] (sjtu_drone_description) StdoutLine: {'line': b'-- Looking for OGRE_Terrain...\n'}
[11.132649] (sjtu_drone_description) StdoutLine: {'line': b'-- Found OGRE_Terrain: optimized;/usr/lib/x86_64-linux-gnu/libOgreTerrain.so;debug;/usr/lib/x86_64-linux-gnu/libOgreTerrain.so\n'}
[11.134538] (sjtu_drone_description) StdoutLine: {'line': b'-- Looking for OGRE_Property...\n'}
[11.135167] (sjtu_drone_description) StdoutLine: {'line': b'-- Found OGRE_Property: optimized;/usr/lib/x86_64-linux-gnu/libOgreProperty.so;debug;/usr/lib/x86_64-linux-gnu/libOgreProperty.so\n'}
[11.135745] (sjtu_drone_description) StdoutLine: {'line': b'-- Looking for OGRE_RTShaderSystem...\n'}
[11.136251] (sjtu_drone_description) StdoutLine: {'line': b'-- Found OGRE_RTShaderSystem: optimized;/usr/lib/x86_64-linux-gnu/libOgreRTShaderSystem.so;debug;/usr/lib/x86_64-linux-gnu/libOgreRTShaderSystem.so\n'}
[11.136770] (sjtu_drone_description) StdoutLine: {'line': b'-- Looking for OGRE_Volume...\n'}
[11.137935] (sjtu_drone_description) StdoutLine: {'line': b'-- Found OGRE_Volume: optimized;/usr/lib/x86_64-linux-gnu/libOgreVolume.so;debug;/usr/lib/x86_64-linux-gnu/libOgreVolume.so\n'}
[11.138688] (sjtu_drone_description) StdoutLine: {'line': b'-- Looking for OGRE_Overlay...\n'}
[11.139395] (sjtu_drone_description) StdoutLine: {'line': b'-- Found OGRE_Overlay: optimized;/usr/lib/x86_64-linux-gnu/libOgreOverlay.so;debug;/usr/lib/x86_64-linux-gnu/libOgreOverlay.so\n'}
[11.164311] (-) TimerEvent: {}
[11.266951] (-) TimerEvent: {}
[11.369929] (-) TimerEvent: {}
[11.471008] (-) TimerEvent: {}
[11.575296] (-) TimerEvent: {}
[11.679336] (-) TimerEvent: {}
[11.785105] (-) TimerEvent: {}
[11.886737] (-) TimerEvent: {}
[11.988309] (-) TimerEvent: {}
[12.092329] (-) TimerEvent: {}
[12.195799] (-) TimerEvent: {}
[12.298940] (-) TimerEvent: {}
[12.400057] (-) TimerEvent: {}
[12.501357] (-) TimerEvent: {}
[12.604318] (-) TimerEvent: {}
[12.714399] (-) TimerEvent: {}
[12.815519] (-) TimerEvent: {}
[12.830894] (sjtu_drone_description) StdoutLine: {'line': b'-- Looking for ignition-math6 -- found version 6.15.1\n'}
[12.839110] (sjtu_drone_description) StdoutLine: {'line': b'-- Looking for ignition-transport8 -- found version 8.2.1\n'}
[12.843920] (sjtu_drone_description) StdoutLine: {'line': b'-- Searching for dependencies of ignition-transport8\n'}
[12.916373] (-) TimerEvent: {}
[13.019410] (-) TimerEvent: {}
[13.120709] (sjtu_drone_description) StdoutLine: {'line': b'-- Found Protobuf: /usr/lib/x86_64-linux-gnu/libprotobuf.so (found suitable version "3.12.4", minimum required is "3") \n'}
[13.121618] (-) TimerEvent: {}
[13.222591] (-) TimerEvent: {}
[13.323451] (-) TimerEvent: {}
[13.335109] (sjtu_drone_description) StdoutLine: {'line': b'-- Config-file not installed for ZeroMQ -- checking for pkg-config\n'}
[13.373246] (sjtu_drone_description) StdoutLine: {'line': b"-- Checking for module 'libzmq >= 4'\n"}
[13.423817] (-) TimerEvent: {}
[13.515224] (sjtu_drone_description) StdoutLine: {'line': b'--   Found libzmq , version 4.3.4\n'}
[13.524048] (-) TimerEvent: {}
[13.624914] (-) TimerEvent: {}
[13.725987] (-) TimerEvent: {}
[13.827730] (-) TimerEvent: {}
[13.875480] (sjtu_drone_description) StdoutLine: {'line': b"-- Checking for module 'uuid'\n"}
[13.928001] (-) TimerEvent: {}
[13.998940] (sjtu_drone_description) StdoutLine: {'line': b'--   Found uuid, version 2.37.2\n'}
[14.028333] (-) TimerEvent: {}
[14.129365] (-) TimerEvent: {}
[14.232401] (-) TimerEvent: {}
[14.335675] (-) TimerEvent: {}
[14.339956] (sjtu_drone_description) StdoutLine: {'line': b'-- Looking for ignition-msgs5 -- found version 5.8.1\n'}
[14.346753] (sjtu_drone_description) StdoutLine: {'line': b'-- Searching for dependencies of ignition-msgs5\n'}
[14.435872] (-) TimerEvent: {}
[14.536843] (-) TimerEvent: {}
[14.612276] (sjtu_drone_description) StdoutLine: {'line': b'-- Looking for ignition-math6 -- found version 6.15.1\n'}
[14.637086] (-) TimerEvent: {}
[14.662289] (sjtu_drone_description) StdoutLine: {'line': b"-- Checking for module 'tinyxml2'\n"}
[14.737350] (-) TimerEvent: {}
[14.797965] (sjtu_drone_description) StdoutLine: {'line': b'--   Found tinyxml2, version 9.0.0\n'}
[14.837607] (-) TimerEvent: {}
[14.938862] (-) TimerEvent: {}
[15.041955] (-) TimerEvent: {}
[15.121643] (sjtu_drone_description) StdoutLine: {'line': b'-- Looking for ignition-msgs5 -- found version 5.8.1\n'}
[15.127200] (sjtu_drone_description) StdoutLine: {'line': b'-- Looking for ignition-common3 -- found version 3.14.0\n'}
[15.131365] (sjtu_drone_description) StdoutLine: {'line': b'-- Searching for dependencies of ignition-common3\n'}
[15.135003] (sjtu_drone_description) StdoutLine: {'line': b'-- Looking for dlfcn.h - found\n'}
[15.135976] (sjtu_drone_description) StdoutLine: {'line': b'-- Looking for libdl - found\n'}
[15.144414] (-) TimerEvent: {}
[15.241056] (sjtu_drone_description) StdoutLine: {'line': b'-- Searching for <ignition-common3> component [graphics]\n'}
[15.244652] (-) TimerEvent: {}
[15.246096] (sjtu_drone_description) StdoutLine: {'line': b'-- Looking for ignition-common3-graphics -- found version 3.14.0\n'}
[15.251348] (sjtu_drone_description) StdoutLine: {'line': b'-- Searching for dependencies of ignition-common3-graphics\n'}
[15.253917] (sjtu_drone_description) StdoutLine: {'line': b'-- Looking for ignition-math6 -- found version 6.15.1\n'}
[15.264804] (sjtu_drone_description) StdoutLine: {'line': b'-- Looking for ignition-fuel_tools4 -- found version 4.4.0\n'}
[15.269207] (sjtu_drone_description) StdoutLine: {'line': b'-- Searching for dependencies of ignition-fuel_tools4\n'}
[15.344821] (-) TimerEvent: {}
[15.445741] (-) TimerEvent: {}
[15.546997] (-) TimerEvent: {}
[15.648224] (-) TimerEvent: {}
[15.749063] (-) TimerEvent: {}
[15.764938] (sjtu_drone_description) StdoutLine: {'line': b"-- Checking for module 'jsoncpp'\n"}
[15.849326] (-) TimerEvent: {}
[15.915313] (sjtu_drone_description) StdoutLine: {'line': b'--   Found jsoncpp, version 1.9.5\n'}
[15.949507] (-) TimerEvent: {}
[16.051768] (-) TimerEvent: {}
[16.153227] (-) TimerEvent: {}
[16.254922] (-) TimerEvent: {}
[16.339575] (sjtu_drone_description) StdoutLine: {'line': b"-- Checking for module 'libzip'\n"}
[16.355180] (-) TimerEvent: {}
[16.455889] (-) TimerEvent: {}
[16.483184] (sjtu_drone_description) StdoutLine: {'line': b'--   Found libzip, version 1.7.3\n'}
[16.556101] (-) TimerEvent: {}
[16.656891] (-) TimerEvent: {}
[16.757916] (-) TimerEvent: {}
[16.779495] (sjtu_drone_description) StdoutLine: {'line': b'-- Looking for ignition-common3 -- found version 3.14.0\n'}
[16.783056] (sjtu_drone_description) StdoutLine: {'line': b'-- Looking for ignition-math6 -- found version 6.15.1\n'}
[16.786458] (sjtu_drone_description) StdoutLine: {'line': b'-- Looking for ignition-msgs5 -- found version 5.8.1\n'}
[16.804909] (sjtu_drone_description) StdoutLine: {'line': b'-- Gazebo version: 11.10\n'}
[16.820300] (sjtu_drone_description) StdoutLine: {'line': b'-- Found gazebo_plugins: 3.9.0 (/opt/ros/humble/share/gazebo_plugins/cmake)\n'}
[16.858116] (-) TimerEvent: {}
[16.958839] (-) TimerEvent: {}
[17.059877] (-) TimerEvent: {}
[17.160778] (-) TimerEvent: {}
[17.261666] (-) TimerEvent: {}
[17.350909] (sjtu_drone_description) StdoutLine: {'line': b'-- Found sensor_msgs: 4.9.0 (/opt/ros/humble/share/sensor_msgs/cmake)\n'}
[17.361864] (-) TimerEvent: {}
[17.462864] (-) TimerEvent: {}
[17.530728] (sjtu_drone_description) StdoutLine: {'line': b'-- Found nav_msgs: 4.9.0 (/opt/ros/humble/share/nav_msgs/cmake)\n'}
[17.563110] (-) TimerEvent: {}
[17.666219] (-) TimerEvent: {}
[17.690760] (sjtu_drone_description) StdoutLine: {'line': b'-- Found tf2: 0.25.16 (/opt/ros/humble/share/tf2/cmake)\n'}
[17.737991] (sjtu_drone_description) StdoutLine: {'line': b'-- Found tf2_ros: 0.25.16 (/opt/ros/humble/share/tf2_ros/cmake)\n'}
[17.766361] (-) TimerEvent: {}
[17.868328] (-) TimerEvent: {}
[17.969421] (-) TimerEvent: {}
[18.070317] (-) TimerEvent: {}
[18.171279] (-) TimerEvent: {}
[18.274248] (-) TimerEvent: {}
[18.375449] (-) TimerEvent: {}
[18.476399] (-) TimerEvent: {}
[18.577220] (-) TimerEvent: {}
[18.596490] (sjtu_drone_description) StdoutLine: {'line': b'-- Found tf2_geometry_msgs: 0.25.16 (/opt/ros/humble/share/tf2_geometry_msgs/cmake)\n'}
[18.632081] (sjtu_drone_description) StdoutLine: {'line': b'-- Found eigen3_cmake_module: 0.1.1 (/opt/ros/humble/share/eigen3_cmake_module/cmake)\n'}
[18.646427] (sjtu_drone_description) StdoutLine: {'line': b'-- Ensuring Eigen3 include directory is part of orocos-kdl CMake target\n'}
[18.677483] (-) TimerEvent: {}
[18.778638] (-) TimerEvent: {}
[18.788942] (sjtu_drone_description) StdoutLine: {'line': b'-- Found ament_lint_auto: 0.12.14 (/opt/ros/humble/share/ament_lint_auto/cmake)\n'}
[18.880297] (-) TimerEvent: {}
[18.981393] (-) TimerEvent: {}
[19.105444] (-) TimerEvent: {}
[19.206681] (-) TimerEvent: {}
[19.309544] (-) TimerEvent: {}
[19.415074] (-) TimerEvent: {}
[19.526706] (-) TimerEvent: {}
[19.637539] (-) TimerEvent: {}
[19.740593] (-) TimerEvent: {}
[19.844637] (-) TimerEvent: {}
[19.946952] (-) TimerEvent: {}
[19.958749] (sjtu_drone_description) StdoutLine: {'line': b"-- Added test 'cppcheck' to perform static code analysis on C / C++ code\n"}
[19.972680] (sjtu_drone_description) StdoutLine: {'line': b'-- Configured cppcheck include dirs: /home/user/PPO_drone_Gazebo_ROS2/src/sjtu_drone/sjtu_drone_description/include;$<BUILD_INTERFACE:/home/user/PPO_drone_Gazebo_ROS2/src/sjtu_drone/sjtu_drone_description/include>\n'}
[19.973591] (sjtu_drone_description) StdoutLine: {'line': b'-- Configured cppcheck exclude dirs and/or files: \n'}
[19.984264] (sjtu_drone_description) StdoutLine: {'line': b"-- Added test 'lint_cmake' to check CMake code style\n"}
[20.010990] (sjtu_drone_description) StdoutLine: {'line': b"-- Added test 'uncrustify' to check C / C++ code style\n"}
[20.011938] (sjtu_drone_description) StdoutLine: {'line': b'-- Configured uncrustify additional arguments: \n'}
[20.016620] (sjtu_drone_description) StdoutLine: {'line': b"-- Added test 'xmllint' to check XML markup files\n"}
[20.047310] (-) TimerEvent: {}
[20.048510] (sjtu_drone_description) StdoutLine: {'line': b'-- Configuring done\n'}
[20.147581] (-) TimerEvent: {}
[20.251653] (-) TimerEvent: {}
[20.356261] (-) TimerEvent: {}
[20.457121] (-) TimerEvent: {}
[20.558783] (-) TimerEvent: {}
[20.661331] (-) TimerEvent: {}
[20.748307] (sjtu_drone_description) StdoutLine: {'line': b'-- Generating done\n'}
[20.761583] (-) TimerEvent: {}
[20.823352] (sjtu_drone_description) StdoutLine: {'line': b'-- Build files have been written to: /home/user/PPO_drone_Gazebo_ROS2/build/sjtu_drone_description\n'}
[20.861806] (-) TimerEvent: {}
[20.963368] (-) TimerEvent: {}
[21.068640] (-) TimerEvent: {}
[21.169871] (-) TimerEvent: {}
[21.250548] (sjtu_drone_description) StdoutLine: {'line': b'\x1b[35m\x1b[1mConsolidate compiler generated dependencies of target plugin_drone\x1b[0m\n'}
[21.270270] (-) TimerEvent: {}
[21.371437] (-) TimerEvent: {}
[21.472440] (-) TimerEvent: {}
[21.575557] (-) TimerEvent: {}
[21.677189] (-) TimerEvent: {}
[21.778187] (-) TimerEvent: {}
[21.828654] (sjtu_drone_description) StdoutLine: {'line': b'[ 25%] \x1b[32mBuilding CXX object CMakeFiles/plugin_drone.dir/src/plugin_drone.cpp.o\x1b[0m\n'}
[21.878391] (-) TimerEvent: {}
[21.979495] (-) TimerEvent: {}
[22.082234] (-) TimerEvent: {}
[22.184008] (-) TimerEvent: {}
[22.285842] (-) TimerEvent: {}
[22.386974] (-) TimerEvent: {}
[22.488579] (-) TimerEvent: {}
[22.589777] (-) TimerEvent: {}
[22.693589] (-) TimerEvent: {}
[22.797060] (-) TimerEvent: {}
[22.897909] (-) TimerEvent: {}
[22.999629] (-) TimerEvent: {}
[23.100818] (-) TimerEvent: {}
[23.201708] (-) TimerEvent: {}
[23.302498] (-) TimerEvent: {}
[23.404681] (-) TimerEvent: {}
[23.505627] (-) TimerEvent: {}
[23.606972] (-) TimerEvent: {}
[23.707771] (-) TimerEvent: {}
[23.808749] (-) TimerEvent: {}
[23.910018] (-) TimerEvent: {}
[24.011322] (-) TimerEvent: {}
[24.112343] (-) TimerEvent: {}
[24.213614] (-) TimerEvent: {}
[24.316251] (-) TimerEvent: {}
[24.417302] (-) TimerEvent: {}
[24.519425] (-) TimerEvent: {}
[24.621093] (-) TimerEvent: {}
[24.721876] (-) TimerEvent: {}
[24.822967] (-) TimerEvent: {}
[24.923635] (-) TimerEvent: {}
[25.024517] (-) TimerEvent: {}
[25.125445] (-) TimerEvent: {}
[25.226376] (-) TimerEvent: {}
[25.327703] (-) TimerEvent: {}
[25.428645] (-) TimerEvent: {}
[25.529550] (-) TimerEvent: {}
[25.632628] (-) TimerEvent: {}
[25.733578] (-) TimerEvent: {}
[25.834682] (-) TimerEvent: {}
[25.936169] (-) TimerEvent: {}
[26.037357] (-) TimerEvent: {}
[26.139544] (-) TimerEvent: {}
[26.241331] (-) TimerEvent: {}
[26.343669] (-) TimerEvent: {}
[26.445026] (-) TimerEvent: {}
[26.546315] (-) TimerEvent: {}
[26.647251] (-) TimerEvent: {}
[26.747963] (-) TimerEvent: {}
[26.849408] (-) TimerEvent: {}
[26.950470] (-) TimerEvent: {}
[27.053901] (-) TimerEvent: {}
[27.157292] (-) TimerEvent: {}
[27.258276] (-) TimerEvent: {}
[27.359332] (-) TimerEvent: {}
[27.460922] (-) TimerEvent: {}
[27.563288] (-) TimerEvent: {}
[27.664637] (-) TimerEvent: {}
[27.765549] (-) TimerEvent: {}
[27.866651] (-) TimerEvent: {}
[27.967628] (-) TimerEvent: {}
[28.068545] (-) TimerEvent: {}
[28.169761] (-) TimerEvent: {}
[28.270732] (-) TimerEvent: {}
[28.371591] (-) TimerEvent: {}
[28.472531] (-) TimerEvent: {}
[28.573539] (-) TimerEvent: {}
[28.674493] (-) TimerEvent: {}
[28.775360] (-) TimerEvent: {}
[28.876291] (-) TimerEvent: {}
[28.978861] (-) TimerEvent: {}
[29.079881] (-) TimerEvent: {}
[29.181026] (-) TimerEvent: {}
[29.281941] (-) TimerEvent: {}
[29.383407] (-) TimerEvent: {}
[29.484212] (-) TimerEvent: {}
[29.585042] (-) TimerEvent: {}
[29.685754] (-) TimerEvent: {}
[29.786525] (-) TimerEvent: {}
[29.887273] (-) TimerEvent: {}
[29.988003] (-) TimerEvent: {}
[30.088977] (-) TimerEvent: {}
[30.189984] (-) TimerEvent: {}
[30.291117] (-) TimerEvent: {}
[30.393375] (-) TimerEvent: {}
[30.494269] (-) TimerEvent: {}
[30.595215] (-) TimerEvent: {}
[30.696417] (-) TimerEvent: {}
[30.801237] (-) TimerEvent: {}
[30.902107] (-) TimerEvent: {}
[31.003350] (-) TimerEvent: {}
[31.104242] (-) TimerEvent: {}
[31.205199] (-) TimerEvent: {}
[31.306429] (-) TimerEvent: {}
[31.407337] (-) TimerEvent: {}
[31.508100] (-) TimerEvent: {}
[31.609415] (-) TimerEvent: {}
[31.710436] (-) TimerEvent: {}
[31.811579] (-) TimerEvent: {}
[31.912633] (-) TimerEvent: {}
[32.013699] (-) TimerEvent: {}
[32.114847] (-) TimerEvent: {}
[32.216811] (-) TimerEvent: {}
[32.319287] (-) TimerEvent: {}
[32.420098] (-) TimerEvent: {}
[32.521027] (-) TimerEvent: {}
[32.622669] (-) TimerEvent: {}
[32.725298] (-) TimerEvent: {}
[32.834395] (-) TimerEvent: {}
[32.936010] (-) TimerEvent: {}
[33.037804] (-) TimerEvent: {}
[33.138855] (-) TimerEvent: {}
[33.241198] (-) TimerEvent: {}
[33.342077] (-) TimerEvent: {}
[33.446922] (-) TimerEvent: {}
[33.547960] (-) TimerEvent: {}
[33.648980] (-) TimerEvent: {}
[33.750030] (-) TimerEvent: {}
[33.850795] (-) TimerEvent: {}
[33.951634] (-) TimerEvent: {}
[34.052598] (-) TimerEvent: {}
[34.153661] (-) TimerEvent: {}
[34.254844] (-) TimerEvent: {}
[34.355865] (-) TimerEvent: {}
[34.456931] (-) TimerEvent: {}
[34.558042] (-) TimerEvent: {}
[34.659114] (-) TimerEvent: {}
[34.760022] (-) TimerEvent: {}
[34.863596] (-) TimerEvent: {}
[34.964580] (-) TimerEvent: {}
[35.065729] (-) TimerEvent: {}
[35.166796] (-) TimerEvent: {}
[35.267843] (-) TimerEvent: {}
[35.368892] (-) TimerEvent: {}
[35.470429] (-) TimerEvent: {}
[35.572239] (-) TimerEvent: {}
[35.673387] (-) TimerEvent: {}
[35.774217] (-) TimerEvent: {}
[35.874901] (-) TimerEvent: {}
[35.975688] (-) TimerEvent: {}
[36.076574] (-) TimerEvent: {}
[36.177319] (-) TimerEvent: {}
[36.278916] (-) TimerEvent: {}
[36.379715] (-) TimerEvent: {}
[36.481586] (-) TimerEvent: {}
[36.582345] (-) TimerEvent: {}
[36.683292] (-) TimerEvent: {}
[36.784276] (-) TimerEvent: {}
[36.885049] (-) TimerEvent: {}
[36.985871] (-) TimerEvent: {}
[37.087011] (-) TimerEvent: {}
[37.187966] (-) TimerEvent: {}
[37.288681] (-) TimerEvent: {}
[37.389520] (-) TimerEvent: {}
[37.490431] (-) TimerEvent: {}
[37.591294] (-) TimerEvent: {}
[37.692075] (-) TimerEvent: {}
[37.792886] (-) TimerEvent: {}
[37.893668] (-) TimerEvent: {}
[37.994315] (-) TimerEvent: {}
[38.095507] (-) TimerEvent: {}
[38.197401] (-) TimerEvent: {}
[38.298661] (-) TimerEvent: {}
[38.400234] (-) TimerEvent: {}
[38.500986] (-) TimerEvent: {}
[38.602054] (-) TimerEvent: {}
[38.703448] (-) TimerEvent: {}
[38.804343] (-) TimerEvent: {}
[38.905323] (-) TimerEvent: {}
[39.006157] (-) TimerEvent: {}
[39.106887] (-) TimerEvent: {}
[39.207772] (-) TimerEvent: {}
[39.308621] (-) TimerEvent: {}
[39.409456] (-) TimerEvent: {}
[39.510261] (-) TimerEvent: {}
[39.611171] (-) TimerEvent: {}
[39.712000] (-) TimerEvent: {}
[39.813191] (-) TimerEvent: {}
[39.915470] (-) TimerEvent: {}
[40.016734] (-) TimerEvent: {}
[40.117767] (-) TimerEvent: {}
[40.218659] (-) TimerEvent: {}
[40.319529] (-) TimerEvent: {}
[40.420560] (-) TimerEvent: {}
[40.521761] (-) TimerEvent: {}
[40.622734] (-) TimerEvent: {}
[40.724393] (-) TimerEvent: {}
[40.825294] (-) TimerEvent: {}
[40.926172] (-) TimerEvent: {}
[41.028319] (-) TimerEvent: {}
[41.129370] (-) TimerEvent: {}
[41.230294] (-) TimerEvent: {}
[41.331511] (-) TimerEvent: {}
[41.432355] (-) TimerEvent: {}
[41.533251] (-) TimerEvent: {}
[41.634122] (-) TimerEvent: {}
[41.735209] (-) TimerEvent: {}
[41.836077] (-) TimerEvent: {}
[41.937542] (-) TimerEvent: {}
[42.038468] (-) TimerEvent: {}
[42.139288] (-) TimerEvent: {}
[42.240098] (-) TimerEvent: {}
[42.340988] (-) TimerEvent: {}
[42.441760] (-) TimerEvent: {}
[42.542958] (-) TimerEvent: {}
[42.643916] (-) TimerEvent: {}
[42.744927] (-) TimerEvent: {}
[42.846075] (-) TimerEvent: {}
[42.946990] (-) TimerEvent: {}
[43.047952] (-) TimerEvent: {}
[43.148929] (-) TimerEvent: {}
[43.250004] (-) TimerEvent: {}
[43.350883] (-) TimerEvent: {}
[43.451882] (-) TimerEvent: {}
[43.552696] (-) TimerEvent: {}
[43.653506] (-) TimerEvent: {}
[43.754411] (-) TimerEvent: {}
[43.855403] (-) TimerEvent: {}
[43.956258] (-) TimerEvent: {}
[44.057240] (-) TimerEvent: {}
[44.158119] (-) TimerEvent: {}
[44.258883] (-) TimerEvent: {}
[44.360875] (-) TimerEvent: {}
[44.461724] (-) TimerEvent: {}
[44.563584] (-) TimerEvent: {}
[44.665054] (-) TimerEvent: {}
[44.766105] (-) TimerEvent: {}
[44.867088] (-) TimerEvent: {}
[44.968088] (-) TimerEvent: {}
[45.069056] (-) TimerEvent: {}
[45.169860] (-) TimerEvent: {}
[45.270775] (-) TimerEvent: {}
[45.371780] (-) TimerEvent: {}
[45.472883] (-) TimerEvent: {}
[45.573932] (-) TimerEvent: {}
[45.674809] (-) TimerEvent: {}
[45.775687] (-) TimerEvent: {}
[45.877272] (-) TimerEvent: {}
[45.978580] (-) TimerEvent: {}
[46.079514] (-) TimerEvent: {}
[46.180362] (-) TimerEvent: {}
[46.281204] (-) TimerEvent: {}
[46.382365] (-) TimerEvent: {}
[46.483249] (-) TimerEvent: {}
[46.584197] (-) TimerEvent: {}
[46.687830] (-) TimerEvent: {}
[46.789036] (-) TimerEvent: {}
[46.889921] (-) TimerEvent: {}
[46.990794] (-) TimerEvent: {}
[47.091534] (-) TimerEvent: {}
[47.192297] (-) TimerEvent: {}
[47.293083] (-) TimerEvent: {}
[47.394072] (-) TimerEvent: {}
[47.494856] (-) TimerEvent: {}
[47.595840] (-) TimerEvent: {}
[47.696803] (-) TimerEvent: {}
[47.798380] (-) TimerEvent: {}
[47.899266] (-) TimerEvent: {}
[48.000067] (-) TimerEvent: {}
[48.101056] (-) TimerEvent: {}
[48.201921] (-) TimerEvent: {}
[48.303380] (-) TimerEvent: {}
[48.404108] (-) TimerEvent: {}
[48.504914] (-) TimerEvent: {}
[48.605917] (-) TimerEvent: {}
[48.707267] (-) TimerEvent: {}
[48.808221] (-) TimerEvent: {}
[48.909175] (-) TimerEvent: {}
[49.010067] (-) TimerEvent: {}
[49.112561] (-) TimerEvent: {}
[49.213506] (-) TimerEvent: {}
[49.314540] (-) TimerEvent: {}
[49.415995] (-) TimerEvent: {}
[49.516936] (-) TimerEvent: {}
[49.618021] (-) TimerEvent: {}
[49.719257] (-) TimerEvent: {}
[49.820213] (-) TimerEvent: {}
[49.921088] (-) TimerEvent: {}
[50.021959] (-) TimerEvent: {}
[50.122994] (-) TimerEvent: {}
[50.224454] (-) TimerEvent: {}
[50.325491] (-) TimerEvent: {}
[50.426929] (-) TimerEvent: {}
[50.527903] (-) TimerEvent: {}
[50.630870] (-) TimerEvent: {}
[50.731834] (-) TimerEvent: {}
[50.832911] (-) TimerEvent: {}
[50.934629] (-) TimerEvent: {}
[51.035701] (-) TimerEvent: {}
[51.136713] (-) TimerEvent: {}
[51.237793] (-) TimerEvent: {}
[51.339305] (-) TimerEvent: {}
[51.440230] (-) TimerEvent: {}
[51.541581] (-) TimerEvent: {}
[51.642471] (-) TimerEvent: {}
[51.743414] (-) TimerEvent: {}
[51.844263] (-) TimerEvent: {}
[51.945108] (-) TimerEvent: {}
[52.045903] (-) TimerEvent: {}
[52.146715] (-) TimerEvent: {}
[52.247742] (-) TimerEvent: {}
[52.349231] (-) TimerEvent: {}
[52.454618] (-) TimerEvent: {}
[52.555383] (-) TimerEvent: {}
[52.656399] (-) TimerEvent: {}
[52.757100] (-) TimerEvent: {}
[52.858000] (-) TimerEvent: {}
[52.959039] (-) TimerEvent: {}
[53.059829] (-) TimerEvent: {}
[53.160659] (-) TimerEvent: {}
[53.261465] (-) TimerEvent: {}
[53.362275] (-) TimerEvent: {}
[53.463014] (-) TimerEvent: {}
[53.563789] (-) TimerEvent: {}
[53.664569] (-) TimerEvent: {}
[53.765526] (-) TimerEvent: {}
[53.866391] (-) TimerEvent: {}
[53.967274] (-) TimerEvent: {}
[54.068190] (-) TimerEvent: {}
[54.168957] (-) TimerEvent: {}
[54.269701] (-) TimerEvent: {}
[54.370418] (-) TimerEvent: {}
[54.471864] (-) TimerEvent: {}
[54.572897] (-) TimerEvent: {}
[54.674098] (-) TimerEvent: {}
[54.775018] (-) TimerEvent: {}
[54.876020] (-) TimerEvent: {}
[54.977092] (-) TimerEvent: {}
[55.078848] (-) TimerEvent: {}
[55.179752] (-) TimerEvent: {}
[55.280925] (-) TimerEvent: {}
[55.382252] (-) TimerEvent: {}
[55.483253] (-) TimerEvent: {}
[55.584023] (-) TimerEvent: {}
[55.684989] (-) TimerEvent: {}
[55.785776] (-) TimerEvent: {}
[55.886703] (-) TimerEvent: {}
[55.987584] (-) TimerEvent: {}
[56.088418] (-) TimerEvent: {}
[56.189304] (-) TimerEvent: {}
[56.292798] (-) TimerEvent: {}
[56.394233] (-) TimerEvent: {}
[56.526475] (-) TimerEvent: {}
[56.627381] (-) TimerEvent: {}
[56.730831] (-) TimerEvent: {}
[56.832942] (-) TimerEvent: {}
[56.934308] (-) TimerEvent: {}
[57.035330] (-) TimerEvent: {}
[57.136466] (-) TimerEvent: {}
[57.237653] (-) TimerEvent: {}
[57.338650] (-) TimerEvent: {}
[57.439533] (-) TimerEvent: {}
[57.540788] (-) TimerEvent: {}
[57.641631] (-) TimerEvent: {}
[57.743305] (-) TimerEvent: {}
[57.845197] (-) TimerEvent: {}
[57.946064] (-) TimerEvent: {}
[58.047306] (-) TimerEvent: {}
[58.148228] (-) TimerEvent: {}
[58.249838] (-) TimerEvent: {}
[58.352013] (-) TimerEvent: {}
[58.455579] (-) TimerEvent: {}
[58.557243] (-) TimerEvent: {}
[58.658859] (-) TimerEvent: {}
[58.760401] (-) TimerEvent: {}
[58.861747] (-) TimerEvent: {}
[58.964500] (-) TimerEvent: {}
[59.065459] (-) TimerEvent: {}
[59.167548] (-) TimerEvent: {}
[59.269035] (-) TimerEvent: {}
[59.370060] (-) TimerEvent: {}
[59.470875] (-) TimerEvent: {}
[59.571816] (-) TimerEvent: {}
[59.672635] (-) TimerEvent: {}
[59.773589] (-) TimerEvent: {}
[59.875198] (-) TimerEvent: {}
[59.976215] (-) TimerEvent: {}
[60.077078] (-) TimerEvent: {}
[60.178082] (-) TimerEvent: {}
[60.279773] (-) TimerEvent: {}
[60.381319] (-) TimerEvent: {}
[60.482120] (-) TimerEvent: {}
[60.583275] (-) TimerEvent: {}
[60.684280] (-) TimerEvent: {}
[60.785204] (-) TimerEvent: {}
[60.886213] (-) TimerEvent: {}
[60.988110] (-) TimerEvent: {}
[61.089278] (-) TimerEvent: {}
[61.190996] (-) TimerEvent: {}
[61.291970] (-) TimerEvent: {}
[61.393036] (-) TimerEvent: {}
[61.493921] (-) TimerEvent: {}
[61.596019] (-) TimerEvent: {}
[61.697209] (-) TimerEvent: {}
[61.798623] (-) TimerEvent: {}
[61.900481] (-) TimerEvent: {}
[62.001441] (-) TimerEvent: {}
[62.102841] (-) TimerEvent: {}
[62.203887] (-) TimerEvent: {}
[62.304841] (-) TimerEvent: {}
[62.406425] (-) TimerEvent: {}
[62.507308] (-) TimerEvent: {}
[62.608296] (-) TimerEvent: {}
[62.709229] (-) TimerEvent: {}
[62.810431] (-) TimerEvent: {}
[62.912449] (-) TimerEvent: {}
[63.013322] (-) TimerEvent: {}
[63.114221] (-) TimerEvent: {}
[63.214919] (-) TimerEvent: {}
[63.315905] (-) TimerEvent: {}
[63.416627] (-) TimerEvent: {}
[63.517481] (-) TimerEvent: {}
[63.618289] (-) TimerEvent: {}
[63.719058] (-) TimerEvent: {}
[63.819907] (-) TimerEvent: {}
[63.920906] (-) TimerEvent: {}
[64.022449] (-) TimerEvent: {}
[64.124346] (-) TimerEvent: {}
[64.225336] (-) TimerEvent: {}
[64.326325] (-) TimerEvent: {}
[64.433945] (-) TimerEvent: {}
[64.534997] (-) TimerEvent: {}
[64.637432] (-) TimerEvent: {}
[64.738376] (-) TimerEvent: {}
[64.839282] (-) TimerEvent: {}
[64.940009] (-) TimerEvent: {}
[65.041193] (-) TimerEvent: {}
[65.142338] (-) TimerEvent: {}
[65.243437] (-) TimerEvent: {}
[65.344491] (-) TimerEvent: {}
[65.446109] (-) TimerEvent: {}
[65.547443] (-) TimerEvent: {}
[65.648528] (-) TimerEvent: {}
[65.749527] (-) TimerEvent: {}
[65.850285] (-) TimerEvent: {}
[65.951016] (-) TimerEvent: {}
[66.052338] (-) TimerEvent: {}
[66.153177] (-) TimerEvent: {}
[66.254207] (-) TimerEvent: {}
[66.355167] (-) TimerEvent: {}
[66.456354] (-) TimerEvent: {}
[66.557251] (-) TimerEvent: {}
[66.658221] (-) TimerEvent: {}
[66.759051] (-) TimerEvent: {}
[66.859922] (-) TimerEvent: {}
[66.960766] (-) TimerEvent: {}
[67.061611] (-) TimerEvent: {}
[67.163584] (-) TimerEvent: {}
[67.264523] (-) TimerEvent: {}
[67.365504] (-) TimerEvent: {}
[67.466461] (-) TimerEvent: {}
[67.567335] (-) TimerEvent: {}
[67.669961] (-) TimerEvent: {}
[67.770961] (-) TimerEvent: {}
[67.872029] (-) TimerEvent: {}
[67.972889] (-) TimerEvent: {}
[68.073919] (-) TimerEvent: {}
[68.174869] (-) TimerEvent: {}
[68.275880] (-) TimerEvent: {}
[68.376742] (-) TimerEvent: {}
[68.477799] (-) TimerEvent: {}
[68.580651] (-) TimerEvent: {}
[68.681825] (-) TimerEvent: {}
[68.782792] (-) TimerEvent: {}
[68.883789] (-) TimerEvent: {}
[68.984792] (-) TimerEvent: {}
[69.086941] (-) TimerEvent: {}
[69.188169] (-) TimerEvent: {}
[69.307301] (-) TimerEvent: {}
[69.418830] (-) TimerEvent: {}
[69.524990] (-) TimerEvent: {}
[69.625940] (-) TimerEvent: {}
[69.727002] (-) TimerEvent: {}
[69.827788] (-) TimerEvent: {}
[69.929177] (-) TimerEvent: {}
[70.030111] (-) TimerEvent: {}
[70.131240] (-) TimerEvent: {}
[70.232063] (-) TimerEvent: {}
[70.333314] (-) TimerEvent: {}
[70.434336] (-) TimerEvent: {}
[70.535229] (-) TimerEvent: {}
[70.636806] (-) TimerEvent: {}
[70.738194] (-) TimerEvent: {}
[70.839060] (-) TimerEvent: {}
[70.940406] (-) TimerEvent: {}
[71.041659] (-) TimerEvent: {}
[71.143954] (-) TimerEvent: {}
[71.245202] (-) TimerEvent: {}
[71.362567] (-) TimerEvent: {}
[71.470305] (-) TimerEvent: {}
[71.572339] (-) TimerEvent: {}
[71.676362] (-) TimerEvent: {}
[71.779336] (-) TimerEvent: {}
[71.882330] (-) TimerEvent: {}
[71.986682] (-) TimerEvent: {}
[72.087873] (-) TimerEvent: {}
[72.188971] (-) TimerEvent: {}
[72.289899] (-) TimerEvent: {}
[72.391556] (-) TimerEvent: {}
[72.492520] (-) TimerEvent: {}
[72.593554] (-) TimerEvent: {}
[72.694592] (-) TimerEvent: {}
[72.795619] (-) TimerEvent: {}
[72.896500] (-) TimerEvent: {}
[72.997352] (-) TimerEvent: {}
[73.099016] (-) TimerEvent: {}
[73.199954] (-) TimerEvent: {}
[73.300780] (-) TimerEvent: {}
[73.401552] (-) TimerEvent: {}
[73.502472] (-) TimerEvent: {}
[73.603393] (-) TimerEvent: {}
[73.704227] (-) TimerEvent: {}
[73.805016] (-) TimerEvent: {}
[73.905896] (-) TimerEvent: {}
[74.007324] (-) TimerEvent: {}
[74.108351] (-) TimerEvent: {}
[74.210207] (-) TimerEvent: {}
[74.311063] (-) TimerEvent: {}
[74.412617] (-) TimerEvent: {}
[74.513457] (-) TimerEvent: {}
[74.614441] (-) TimerEvent: {}
[74.715518] (-) TimerEvent: {}
[74.816716] (-) TimerEvent: {}
[74.917806] (-) TimerEvent: {}
[75.018984] (-) TimerEvent: {}
[75.120318] (-) TimerEvent: {}
[75.221347] (-) TimerEvent: {}
[75.322177] (-) TimerEvent: {}
[75.423047] (-) TimerEvent: {}
[75.524065] (-) TimerEvent: {}
[75.626327] (-) TimerEvent: {}
[75.727332] (-) TimerEvent: {}
[75.829342] (-) TimerEvent: {}
[75.930325] (-) TimerEvent: {}
[76.031370] (-) TimerEvent: {}
[76.133038] (-) TimerEvent: {}
[76.235241] (-) TimerEvent: {}
[76.337247] (-) TimerEvent: {}
[76.438221] (-) TimerEvent: {}
[76.539283] (-) TimerEvent: {}
[76.640095] (-) TimerEvent: {}
[76.741341] (-) TimerEvent: {}
[76.842341] (-) TimerEvent: {}
[76.943117] (-) TimerEvent: {}
[77.044251] (-) TimerEvent: {}
[77.145193] (-) TimerEvent: {}
[77.246162] (-) TimerEvent: {}
[77.346973] (-) TimerEvent: {}
[77.448297] (-) TimerEvent: {}
[77.553398] (-) TimerEvent: {}
[77.654703] (-) TimerEvent: {}
[77.756066] (-) TimerEvent: {}
[77.857980] (-) TimerEvent: {}
[77.959699] (-) TimerEvent: {}
[78.061007] (-) TimerEvent: {}
[78.162047] (-) TimerEvent: {}
[78.265314] (-) TimerEvent: {}
[78.368112] (-) TimerEvent: {}
[78.469285] (-) TimerEvent: {}
[78.570335] (-) TimerEvent: {}
[78.671410] (-) TimerEvent: {}
[78.772446] (-) TimerEvent: {}
[78.873557] (-) TimerEvent: {}
[78.974605] (-) TimerEvent: {}
[79.075513] (-) TimerEvent: {}
[79.176507] (-) TimerEvent: {}
[79.277453] (-) TimerEvent: {}
[79.378839] (-) TimerEvent: {}
[79.480387] (-) TimerEvent: {}
[79.581444] (-) TimerEvent: {}
[79.682345] (-) TimerEvent: {}
[79.783308] (-) TimerEvent: {}
[79.884259] (-) TimerEvent: {}
[79.985339] (-) TimerEvent: {}
[80.086102] (-) TimerEvent: {}
[80.186967] (-) TimerEvent: {}
[80.287873] (-) TimerEvent: {}
[80.388834] (-) TimerEvent: {}
[80.489791] (-) TimerEvent: {}
[80.594914] (-) TimerEvent: {}
[80.695948] (-) TimerEvent: {}
[80.797302] (-) TimerEvent: {}
[80.898229] (-) TimerEvent: {}
[81.000502] (-) TimerEvent: {}
[81.102649] (-) TimerEvent: {}
[81.203939] (-) TimerEvent: {}
[81.305286] (-) TimerEvent: {}
[81.407096] (-) TimerEvent: {}
[81.509100] (-) TimerEvent: {}
[81.610017] (-) TimerEvent: {}
[81.712723] (-) TimerEvent: {}
[81.813696] (-) TimerEvent: {}
[81.914656] (-) TimerEvent: {}
[82.015607] (-) TimerEvent: {}
[82.116488] (-) TimerEvent: {}
[82.217686] (-) TimerEvent: {}
[82.318871] (-) TimerEvent: {}
[82.419891] (-) TimerEvent: {}
[82.520876] (-) TimerEvent: {}
[82.621953] (-) TimerEvent: {}
[82.723059] (-) TimerEvent: {}
[82.824092] (-) TimerEvent: {}
[82.925053] (-) TimerEvent: {}
[83.026257] (-) TimerEvent: {}
[83.127339] (-) TimerEvent: {}
[83.228248] (-) TimerEvent: {}
[83.329114] (-) TimerEvent: {}
[83.430155] (-) TimerEvent: {}
[83.531219] (-) TimerEvent: {}
[83.632266] (-) TimerEvent: {}
[83.733073] (-) TimerEvent: {}
[83.834061] (-) TimerEvent: {}
[83.935321] (-) TimerEvent: {}
[84.036330] (-) TimerEvent: {}
[84.137310] (-) TimerEvent: {}
[84.238179] (-) TimerEvent: {}
[84.339649] (-) TimerEvent: {}
[84.440676] (-) TimerEvent: {}
[84.541446] (-) TimerEvent: {}
[84.642293] (-) TimerEvent: {}
[84.743370] (-) TimerEvent: {}
[84.844966] (-) TimerEvent: {}
[84.945894] (-) TimerEvent: {}
[85.047389] (-) TimerEvent: {}
[85.149293] (-) TimerEvent: {}
[85.250271] (-) TimerEvent: {}
[85.351789] (-) TimerEvent: {}
[85.453064] (-) TimerEvent: {}
[85.554325] (-) TimerEvent: {}
[85.655654] (-) TimerEvent: {}
[85.756700] (-) TimerEvent: {}
[85.857703] (-) TimerEvent: {}
[85.958682] (-) TimerEvent: {}
[86.059645] (-) TimerEvent: {}
[86.160545] (-) TimerEvent: {}
[86.263178] (-) TimerEvent: {}
[86.364449] (-) TimerEvent: {}
[86.465344] (-) TimerEvent: {}
[86.566307] (-) TimerEvent: {}
[86.668428] (-) TimerEvent: {}
[86.770631] (-) TimerEvent: {}
[86.874112] (-) TimerEvent: {}
[86.986014] (-) TimerEvent: {}
[87.088656] (-) TimerEvent: {}
[87.193522] (-) TimerEvent: {}
[87.294595] (-) TimerEvent: {}
[87.395751] (-) TimerEvent: {}
[87.498241] (-) TimerEvent: {}
[87.599380] (-) TimerEvent: {}
[87.701097] (-) TimerEvent: {}
[87.802014] (-) TimerEvent: {}
[87.902748] (-) TimerEvent: {}
[88.003609] (-) TimerEvent: {}
[88.104503] (-) TimerEvent: {}
[88.205220] (-) TimerEvent: {}
[88.306081] (-) TimerEvent: {}
[88.406836] (-) TimerEvent: {}
[88.507791] (-) TimerEvent: {}
[88.609605] (-) TimerEvent: {}
[88.710735] (-) TimerEvent: {}
[88.811575] (-) TimerEvent: {}
[88.912681] (-) TimerEvent: {}
[89.013598] (-) TimerEvent: {}
[89.114297] (-) TimerEvent: {}
[89.215274] (-) TimerEvent: {}
[89.316234] (-) TimerEvent: {}
[89.417090] (-) TimerEvent: {}
[89.518210] (-) TimerEvent: {}
[89.619252] (-) TimerEvent: {}
[89.720262] (-) TimerEvent: {}
[89.821370] (-) TimerEvent: {}
[89.922991] (-) TimerEvent: {}
[90.024078] (-) TimerEvent: {}
[90.125452] (-) TimerEvent: {}
[90.226669] (-) TimerEvent: {}
[90.327889] (-) TimerEvent: {}
[90.429961] (-) TimerEvent: {}
[90.531117] (-) TimerEvent: {}
[90.632613] (-) TimerEvent: {}
[90.733433] (-) TimerEvent: {}
[90.834447] (-) TimerEvent: {}
[90.935431] (-) TimerEvent: {}
[91.037341] (-) TimerEvent: {}
[91.139596] (-) TimerEvent: {}
[91.240472] (-) TimerEvent: {}
[91.341304] (-) TimerEvent: {}
[91.442282] (-) TimerEvent: {}
[91.543488] (-) TimerEvent: {}
[91.645584] (-) TimerEvent: {}
[91.748038] (-) TimerEvent: {}
[91.849459] (-) TimerEvent: {}
[91.950283] (-) TimerEvent: {}
[92.051274] (-) TimerEvent: {}
[92.152060] (-) TimerEvent: {}
[92.252961] (-) TimerEvent: {}
[92.353850] (-) TimerEvent: {}
[92.454721] (-) TimerEvent: {}
[92.555604] (-) TimerEvent: {}
[92.656446] (-) TimerEvent: {}
[92.757334] (-) TimerEvent: {}
[92.858235] (-) TimerEvent: {}
[92.959278] (-) TimerEvent: {}
[93.059962] (-) TimerEvent: {}
[93.163341] (-) TimerEvent: {}
[93.265384] (-) TimerEvent: {}
[93.367530] (-) TimerEvent: {}
[93.468516] (-) TimerEvent: {}
[93.569271] (-) TimerEvent: {}
[93.670231] (-) TimerEvent: {}
[93.771088] (-) TimerEvent: {}
[93.872019] (-) TimerEvent: {}
[93.972916] (-) TimerEvent: {}
[94.073740] (-) TimerEvent: {}
[94.174679] (-) TimerEvent: {}
[94.275656] (-) TimerEvent: {}
[94.377395] (-) TimerEvent: {}
[94.478933] (-) TimerEvent: {}
[94.580081] (-) TimerEvent: {}
[94.681004] (-) TimerEvent: {}
[94.781787] (-) TimerEvent: {}
[94.882654] (-) TimerEvent: {}
[94.983483] (-) TimerEvent: {}
[95.084630] (-) TimerEvent: {}
[95.185563] (-) TimerEvent: {}
[95.286529] (-) TimerEvent: {}
[95.387530] (-) TimerEvent: {}
[95.488277] (-) TimerEvent: {}
[95.588979] (-) TimerEvent: {}
[95.689898] (-) TimerEvent: {}
[95.790620] (-) TimerEvent: {}
[95.891382] (-) TimerEvent: {}
[95.992266] (-) TimerEvent: {}
[96.097567] (-) TimerEvent: {}
[96.198509] (-) TimerEvent: {}
[96.299666] (-) TimerEvent: {}
[96.400560] (-) TimerEvent: {}
[96.501325] (-) TimerEvent: {}
[96.602191] (-) TimerEvent: {}
[96.704297] (-) TimerEvent: {}
[96.805110] (-) TimerEvent: {}
[96.905870] (-) TimerEvent: {}
[97.006612] (-) TimerEvent: {}
[97.107359] (-) TimerEvent: {}
[97.208086] (-) TimerEvent: {}
[97.308877] (-) TimerEvent: {}
[97.409844] (-) TimerEvent: {}
[97.510783] (-) TimerEvent: {}
[97.611642] (-) TimerEvent: {}
[97.712619] (-) TimerEvent: {}
[97.813807] (-) TimerEvent: {}
[97.914823] (-) TimerEvent: {}
[98.016057] (-) TimerEvent: {}
[98.116973] (-) TimerEvent: {}
[98.218012] (-) TimerEvent: {}
[98.318967] (-) TimerEvent: {}
[98.420027] (-) TimerEvent: {}
[98.521333] (-) TimerEvent: {}
[98.622299] (-) TimerEvent: {}
[98.723089] (-) TimerEvent: {}
[98.823970] (-) TimerEvent: {}
[98.925022] (-) TimerEvent: {}
[99.026330] (-) TimerEvent: {}
[99.127245] (-) TimerEvent: {}
[99.229053] (-) TimerEvent: {}
[99.330166] (-) TimerEvent: {}
[99.431888] (-) TimerEvent: {}
[99.532700] (-) TimerEvent: {}
[99.633685] (-) TimerEvent: {}
[99.734667] (-) TimerEvent: {}
[99.835828] (-) TimerEvent: {}
[99.936775] (-) TimerEvent: {}
[100.037571] (-) TimerEvent: {}
[100.138301] (-) TimerEvent: {}
[100.239204] (-) TimerEvent: {}
[100.340215] (-) TimerEvent: {}
[100.441056] (-) TimerEvent: {}
[100.541939] (-) TimerEvent: {}
[100.642750] (-) TimerEvent: {}
[100.743622] (-) TimerEvent: {}
[100.844465] (-) TimerEvent: {}
[100.946194] (-) TimerEvent: {}
[101.051456] (-) TimerEvent: {}
[101.153317] (-) TimerEvent: {}
[101.259540] (-) TimerEvent: {}
[101.389027] (-) TimerEvent: {}
[101.490675] (-) TimerEvent: {}
[101.593069] (-) TimerEvent: {}
[101.694066] (-) TimerEvent: {}
[101.798750] (-) TimerEvent: {}
[101.903300] (-) TimerEvent: {}
[102.005361] (-) TimerEvent: {}
[102.106614] (-) TimerEvent: {}
[102.208381] (-) TimerEvent: {}
[102.311455] (-) TimerEvent: {}
[102.414872] (-) TimerEvent: {}
[102.515780] (-) TimerEvent: {}
[102.616899] (-) TimerEvent: {}
[102.719484] (-) TimerEvent: {}
[102.820278] (-) TimerEvent: {}
[102.920997] (-) TimerEvent: {}
[103.021934] (-) TimerEvent: {}
[103.122914] (-) TimerEvent: {}
[103.223766] (-) TimerEvent: {}
[103.324763] (-) TimerEvent: {}
[103.425649] (-) TimerEvent: {}
[103.527913] (-) TimerEvent: {}
[103.628814] (-) TimerEvent: {}
[103.730112] (-) TimerEvent: {}
[103.831223] (-) TimerEvent: {}
[103.932220] (-) TimerEvent: {}
[104.033105] (-) TimerEvent: {}
[104.134178] (-) TimerEvent: {}
[104.235161] (-) TimerEvent: {}
[104.336077] (-) TimerEvent: {}
[104.437321] (-) TimerEvent: {}
[104.538538] (-) TimerEvent: {}
[104.639578] (-) TimerEvent: {}
[104.740495] (-) TimerEvent: {}
[104.842291] (-) TimerEvent: {}
[104.943272] (-) TimerEvent: {}
[105.044470] (-) TimerEvent: {}
[105.145911] (-) TimerEvent: {}
[105.246949] (-) TimerEvent: {}
[105.348177] (-) TimerEvent: {}
[105.448997] (-) TimerEvent: {}
[105.550007] (-) TimerEvent: {}
[105.650819] (-) TimerEvent: {}
[105.751949] (-) TimerEvent: {}
[105.853013] (-) TimerEvent: {}
[105.953801] (-) TimerEvent: {}
[106.054828] (-) TimerEvent: {}
[106.155736] (-) TimerEvent: {}
[106.256601] (-) TimerEvent: {}
[106.357537] (-) TimerEvent: {}
[106.459803] (-) TimerEvent: {}
[106.560860] (-) TimerEvent: {}
[106.662328] (-) TimerEvent: {}
[106.763187] (-) TimerEvent: {}
[106.864017] (-) TimerEvent: {}
[106.965245] (-) TimerEvent: {}
[107.066544] (-) TimerEvent: {}
[107.167445] (-) TimerEvent: {}
[107.268385] (-) TimerEvent: {}
[107.369270] (-) TimerEvent: {}
[107.470112] (-) TimerEvent: {}
[107.571642] (-) TimerEvent: {}
[107.672816] (-) TimerEvent: {}
[107.774840] (-) TimerEvent: {}
[107.876015] (-) TimerEvent: {}
[107.979497] (-) TimerEvent: {}
[108.080448] (-) TimerEvent: {}
[108.181307] (-) TimerEvent: {}
[108.283344] (-) TimerEvent: {}
[108.384552] (-) TimerEvent: {}
[108.485311] (-) TimerEvent: {}
[108.586757] (-) TimerEvent: {}
[108.688531] (-) TimerEvent: {}
[108.789458] (-) TimerEvent: {}
[108.891436] (-) TimerEvent: {}
[108.992478] (-) TimerEvent: {}
[109.094821] (-) TimerEvent: {}
[109.195853] (-) TimerEvent: {}
[109.296965] (-) TimerEvent: {}
[109.397857] (-) TimerEvent: {}
[109.498961] (-) TimerEvent: {}
[109.599803] (-) TimerEvent: {}
[109.700553] (-) TimerEvent: {}
[109.801373] (-) TimerEvent: {}
[109.902291] (-) TimerEvent: {}
[110.003345] (-) TimerEvent: {}
[110.104821] (-) TimerEvent: {}
[110.209032] (-) TimerEvent: {}
[110.310386] (-) TimerEvent: {}
[110.411243] (-) TimerEvent: {}
[110.513501] (-) TimerEvent: {}
[110.616274] (-) TimerEvent: {}
[110.718588] (-) TimerEvent: {}
[110.820914] (-) TimerEvent: {}
[110.924357] (-) TimerEvent: {}
[111.028553] (-) TimerEvent: {}
[111.129598] (-) TimerEvent: {}
[111.233368] (-) TimerEvent: {}
[111.336085] (-) TimerEvent: {}
[111.437487] (-) TimerEvent: {}
[111.538314] (-) TimerEvent: {}
[111.639239] (-) TimerEvent: {}
[111.740301] (-) TimerEvent: {}
[111.841297] (-) TimerEvent: {}
[111.942711] (-) TimerEvent: {}
[112.043734] (-) TimerEvent: {}
[112.147608] (-) TimerEvent: {}
[112.248301] (-) TimerEvent: {}
[112.349213] (-) TimerEvent: {}
[112.451234] (-) TimerEvent: {}
[112.553303] (-) TimerEvent: {}
[112.654088] (-) TimerEvent: {}
[112.754965] (-) TimerEvent: {}
[112.855937] (-) TimerEvent: {}
[112.956826] (-) TimerEvent: {}
[113.057587] (-) TimerEvent: {}
[113.160245] (-) TimerEvent: {}
[113.262500] (-) TimerEvent: {}
[113.363442] (-) TimerEvent: {}
[113.464819] (-) TimerEvent: {}
[113.565856] (-) TimerEvent: {}
[113.666895] (-) TimerEvent: {}
[113.768016] (-) TimerEvent: {}
[113.869154] (-) TimerEvent: {}
[113.970036] (-) TimerEvent: {}
[114.072031] (-) TimerEvent: {}
[114.173637] (-) TimerEvent: {}
[114.274873] (-) TimerEvent: {}
[114.375879] (-) TimerEvent: {}
[114.478345] (-) TimerEvent: {}
[114.579298] (-) TimerEvent: {}
[114.680335] (-) TimerEvent: {}
[114.781339] (-) TimerEvent: {}
[114.883474] (-) TimerEvent: {}
[114.984644] (-) TimerEvent: {}
[115.085776] (-) TimerEvent: {}
[115.186946] (-) TimerEvent: {}
[115.287957] (-) TimerEvent: {}
[115.389302] (-) TimerEvent: {}
[115.490420] (-) TimerEvent: {}
[115.591358] (-) TimerEvent: {}
[115.692259] (-) TimerEvent: {}
[115.796689] (-) TimerEvent: {}
[115.897480] (-) TimerEvent: {}
[115.998328] (-) TimerEvent: {}
[116.099293] (-) TimerEvent: {}
[116.200265] (-) TimerEvent: {}
[116.303743] (-) TimerEvent: {}
[116.405373] (-) TimerEvent: {}
[116.506639] (-) TimerEvent: {}
[116.608295] (-) TimerEvent: {}
[116.709350] (-) TimerEvent: {}
[116.810790] (-) TimerEvent: {}
[116.911889] (-) TimerEvent: {}
[117.014303] (-) TimerEvent: {}
[117.115430] (-) TimerEvent: {}
[117.219034] (-) TimerEvent: {}
[117.322043] (-) TimerEvent: {}
[117.424860] (-) TimerEvent: {}
[117.525988] (-) TimerEvent: {}
[117.638615] (-) TimerEvent: {}
[117.740250] (-) TimerEvent: {}
[117.841912] (-) TimerEvent: {}
[117.944598] (-) TimerEvent: {}
[118.046543] (-) TimerEvent: {}
[118.147522] (-) TimerEvent: {}
[118.248533] (-) TimerEvent: {}
[118.349553] (-) TimerEvent: {}
[118.450765] (-) TimerEvent: {}
[118.552014] (-) TimerEvent: {}
[118.652967] (-) TimerEvent: {}
[118.754044] (-) TimerEvent: {}
[118.855295] (-) TimerEvent: {}
[118.956593] (-) TimerEvent: {}
[119.057507] (-) TimerEvent: {}
[119.158555] (-) TimerEvent: {}
[119.260302] (-) TimerEvent: {}
[119.361240] (-) TimerEvent: {}
[119.462968] (-) TimerEvent: {}
[119.565103] (-) TimerEvent: {}
[119.668296] (-) TimerEvent: {}
[119.779956] (-) TimerEvent: {}
[119.881599] (-) TimerEvent: {}
[119.985586] (-) TimerEvent: {}
[120.090307] (-) TimerEvent: {}
[120.191231] (-) TimerEvent: {}
[120.294430] (-) TimerEvent: {}
[120.395860] (-) TimerEvent: {}
[120.500541] (-) TimerEvent: {}
[120.602908] (-) TimerEvent: {}
[120.706331] (-) TimerEvent: {}
[120.808182] (-) TimerEvent: {}
[120.909274] (-) TimerEvent: {}
[121.012639] (-) TimerEvent: {}
[121.114412] (-) TimerEvent: {}
[121.216616] (-) TimerEvent: {}
[121.324371] (-) TimerEvent: {}
[121.425695] (-) TimerEvent: {}
[121.526791] (-) TimerEvent: {}
[121.628081] (-) TimerEvent: {}
[121.729703] (-) TimerEvent: {}
[121.834268] (-) TimerEvent: {}
[121.935199] (-) TimerEvent: {}
[122.036743] (-) TimerEvent: {}
[122.144760] (-) TimerEvent: {}
[122.250223] (-) TimerEvent: {}
[122.352301] (-) TimerEvent: {}
[122.454275] (-) TimerEvent: {}
[122.555338] (-) TimerEvent: {}
[122.656792] (-) TimerEvent: {}
[122.760726] (-) TimerEvent: {}
[122.864847] (-) TimerEvent: {}
[122.966922] (-) TimerEvent: {}
[123.068662] (-) TimerEvent: {}
[123.170580] (-) TimerEvent: {}
[123.273256] (-) TimerEvent: {}
[123.374488] (-) TimerEvent: {}
[123.475614] (-) TimerEvent: {}
[123.578601] (-) TimerEvent: {}
[123.680940] (-) TimerEvent: {}
[123.782259] (-) TimerEvent: {}
[123.883020] (-) TimerEvent: {}
[123.983972] (-) TimerEvent: {}
[124.084955] (-) TimerEvent: {}
[124.192908] (-) TimerEvent: {}
[124.319231] (-) TimerEvent: {}
[124.420566] (-) TimerEvent: {}
[124.521336] (-) TimerEvent: {}
[124.622946] (-) TimerEvent: {}
[124.724058] (-) TimerEvent: {}
[124.828270] (-) TimerEvent: {}
[124.929299] (-) TimerEvent: {}
[125.032712] (-) TimerEvent: {}
[125.133803] (-) TimerEvent: {}
[125.235857] (-) TimerEvent: {}
[125.336821] (-) TimerEvent: {}
[125.437868] (-) TimerEvent: {}
[125.538584] (-) TimerEvent: {}
[125.639632] (-) TimerEvent: {}
[125.740659] (-) TimerEvent: {}
[125.843303] (-) TimerEvent: {}
[125.947001] (-) TimerEvent: {}
[126.048368] (-) TimerEvent: {}
[126.150286] (-) TimerEvent: {}
[126.251655] (-) TimerEvent: {}
[126.352911] (-) TimerEvent: {}
[126.453813] (-) TimerEvent: {}
[126.554775] (-) TimerEvent: {}
[126.655915] (-) TimerEvent: {}
[126.756885] (-) TimerEvent: {}
[126.858176] (-) TimerEvent: {}
[126.959188] (-) TimerEvent: {}
[127.060098] (-) TimerEvent: {}
[127.161509] (-) TimerEvent: {}
[127.262464] (-) TimerEvent: {}
[127.363530] (-) TimerEvent: {}
[127.464842] (-) TimerEvent: {}
[127.566943] (-) TimerEvent: {}
[127.670312] (-) TimerEvent: {}
[127.771318] (-) TimerEvent: {}
[127.872247] (-) TimerEvent: {}
[127.975351] (-) TimerEvent: {}
[128.076434] (-) TimerEvent: {}
[128.184712] (-) TimerEvent: {}
[128.288059] (-) TimerEvent: {}
[128.389352] (-) TimerEvent: {}
[128.490522] (-) TimerEvent: {}
[128.591580] (-) TimerEvent: {}
[128.694324] (-) TimerEvent: {}
[128.795668] (-) TimerEvent: {}
[128.896749] (-) TimerEvent: {}
[129.000036] (-) TimerEvent: {}
[129.102082] (-) TimerEvent: {}
[129.208736] (-) TimerEvent: {}
[129.310513] (-) TimerEvent: {}
[129.412444] (-) TimerEvent: {}
[129.514559] (-) TimerEvent: {}
[129.615423] (-) TimerEvent: {}
[129.716290] (-) TimerEvent: {}
[129.819118] (-) TimerEvent: {}
[129.924400] (-) TimerEvent: {}
[130.026467] (-) TimerEvent: {}
[130.131701] (-) TimerEvent: {}
[130.236612] (-) TimerEvent: {}
[130.339284] (-) TimerEvent: {}
[130.445086] (-) TimerEvent: {}
[130.548526] (-) TimerEvent: {}
[130.650254] (-) TimerEvent: {}
[130.753607] (-) TimerEvent: {}
[130.855719] (-) TimerEvent: {}
[130.956845] (-) TimerEvent: {}
[131.059555] (-) TimerEvent: {}
[131.160378] (-) TimerEvent: {}
[131.264352] (-) TimerEvent: {}
[131.365379] (-) TimerEvent: {}
[131.466846] (-) TimerEvent: {}
[131.567801] (-) TimerEvent: {}
[131.668746] (-) TimerEvent: {}
[131.769578] (-) TimerEvent: {}
[131.870332] (-) TimerEvent: {}
[131.971531] (-) TimerEvent: {}
[132.072399] (-) TimerEvent: {}
[132.176047] (-) TimerEvent: {}
[132.280214] (-) TimerEvent: {}
[132.381340] (-) TimerEvent: {}
[132.483689] (-) TimerEvent: {}
[132.584592] (-) TimerEvent: {}
[132.689450] (-) TimerEvent: {}
[132.792877] (-) TimerEvent: {}
[132.894786] (-) TimerEvent: {}
[132.996258] (-) TimerEvent: {}
[133.097322] (-) TimerEvent: {}
[133.198181] (-) TimerEvent: {}
[133.299412] (-) TimerEvent: {}
[133.401232] (-) TimerEvent: {}
[133.502326] (-) TimerEvent: {}
[133.603685] (-) TimerEvent: {}
[133.707209] (-) TimerEvent: {}
[133.808394] (-) TimerEvent: {}
[133.909617] (-) TimerEvent: {}
[134.012002] (-) TimerEvent: {}
[134.112946] (-) TimerEvent: {}
[134.214380] (-) TimerEvent: {}
[134.315567] (-) TimerEvent: {}
[134.416806] (-) TimerEvent: {}
[134.523324] (-) TimerEvent: {}
[134.624921] (-) TimerEvent: {}
[134.726265] (-) TimerEvent: {}
[134.828703] (-) TimerEvent: {}
[134.933352] (-) TimerEvent: {}
[135.036592] (-) TimerEvent: {}
[135.137555] (-) TimerEvent: {}
[135.238529] (-) TimerEvent: {}
[135.341597] (-) TimerEvent: {}
[135.442530] (-) TimerEvent: {}
[135.543624] (-) TimerEvent: {}
[135.644788] (-) TimerEvent: {}
[135.746682] (-) TimerEvent: {}
[135.847532] (-) TimerEvent: {}
[135.948358] (-) TimerEvent: {}
[136.050596] (-) TimerEvent: {}
[136.152363] (-) TimerEvent: {}
[136.253266] (-) TimerEvent: {}
[136.354086] (-) TimerEvent: {}
[136.455439] (-) TimerEvent: {}
[136.556419] (-) TimerEvent: {}
[136.657457] (-) TimerEvent: {}
[136.759032] (-) TimerEvent: {}
[136.862038] (-) TimerEvent: {}
[136.967477] (-) TimerEvent: {}
[137.069406] (-) TimerEvent: {}
[137.173377] (-) TimerEvent: {}
[137.274312] (-) TimerEvent: {}
[137.375341] (-) TimerEvent: {}
[137.479404] (-) TimerEvent: {}
[137.581088] (-) TimerEvent: {}
[137.683387] (-) TimerEvent: {}
[137.785568] (-) TimerEvent: {}
[137.889504] (-) TimerEvent: {}
[138.022306] (-) TimerEvent: {}
[138.123357] (-) TimerEvent: {}
[138.226922] (-) TimerEvent: {}
[138.342252] (-) TimerEvent: {}
[138.443564] (-) TimerEvent: {}
[138.544734] (-) TimerEvent: {}
[138.646069] (-) TimerEvent: {}
[138.747624] (-) TimerEvent: {}
[138.848777] (-) TimerEvent: {}
[138.949639] (-) TimerEvent: {}
[139.050488] (-) TimerEvent: {}
[139.151359] (-) TimerEvent: {}
[139.252321] (-) TimerEvent: {}
[139.353544] (-) TimerEvent: {}
[139.454261] (-) TimerEvent: {}
[139.555299] (-) TimerEvent: {}
[139.656076] (-) TimerEvent: {}
[139.757456] (-) TimerEvent: {}
[139.858534] (-) TimerEvent: {}
[139.959719] (-) TimerEvent: {}
[140.060847] (-) TimerEvent: {}
[140.162600] (-) TimerEvent: {}
[140.263861] (-) TimerEvent: {}
[140.366332] (-) TimerEvent: {}
[140.467576] (-) TimerEvent: {}
[140.568558] (-) TimerEvent: {}
[140.672396] (-) TimerEvent: {}
[140.791330] (-) TimerEvent: {}
[140.892298] (-) TimerEvent: {}
[140.993814] (-) TimerEvent: {}
[141.101762] (-) TimerEvent: {}
[141.203900] (-) TimerEvent: {}
[141.305573] (-) TimerEvent: {}
[141.408349] (-) TimerEvent: {}
[141.510280] (-) TimerEvent: {}
[141.612459] (-) TimerEvent: {}
[141.713243] (-) TimerEvent: {}
[141.813921] (-) TimerEvent: {}
[141.914747] (-) TimerEvent: {}
[142.015538] (-) TimerEvent: {}
[142.116928] (-) TimerEvent: {}
[142.217963] (-) TimerEvent: {}
[142.318947] (-) TimerEvent: {}
[142.419758] (-) TimerEvent: {}
[142.521767] (-) TimerEvent: {}
[142.623367] (-) TimerEvent: {}
[142.727365] (-) TimerEvent: {}
[142.828381] (-) TimerEvent: {}
[142.929586] (-) TimerEvent: {}
[142.969569] (sjtu_drone_description) StdoutLine: {'line': b'[ 50%] \x1b[32m\x1b[1mLinking CXX shared library /home/user/PPO_drone_Gazebo_ROS2/src/sjtu_drone/sjtu_drone_description/plugins/libplugin_drone.so\x1b[0m\n'}
[143.029826] (-) TimerEvent: {}
[143.130842] (-) TimerEvent: {}
[143.231784] (-) TimerEvent: {}
[143.333731] (-) TimerEvent: {}
[143.436942] (-) TimerEvent: {}
[143.537806] (-) TimerEvent: {}
[143.640595] (-) TimerEvent: {}
[143.742312] (-) TimerEvent: {}
[143.843338] (-) TimerEvent: {}
[143.944385] (-) TimerEvent: {}
[144.045885] (-) TimerEvent: {}
[144.146767] (-) TimerEvent: {}
[144.247514] (-) TimerEvent: {}
[144.348485] (-) TimerEvent: {}
[144.449321] (-) TimerEvent: {}
[144.550276] (-) TimerEvent: {}
[144.651774] (-) TimerEvent: {}
[144.754818] (-) TimerEvent: {}
[144.856487] (-) TimerEvent: {}
[144.958618] (-) TimerEvent: {}
[145.060004] (-) TimerEvent: {}
[145.161290] (-) TimerEvent: {}
[145.262236] (-) TimerEvent: {}
[145.363049] (-) TimerEvent: {}
[145.464071] (-) TimerEvent: {}
[145.565030] (-) TimerEvent: {}
[145.666061] (-) TimerEvent: {}
[145.767189] (-) TimerEvent: {}
[145.868123] (-) TimerEvent: {}
[145.969374] (-) TimerEvent: {}
[146.070282] (-) TimerEvent: {}
[146.170999] (-) TimerEvent: {}
[146.272041] (-) TimerEvent: {}
[146.372870] (-) TimerEvent: {}
[146.473827] (-) TimerEvent: {}
[146.576641] (-) TimerEvent: {}
[146.678337] (-) TimerEvent: {}
[146.779498] (-) TimerEvent: {}
[146.880547] (-) TimerEvent: {}
[146.981634] (-) TimerEvent: {}
[147.083690] (-) TimerEvent: {}
[147.184640] (-) TimerEvent: {}
[147.285579] (-) TimerEvent: {}
[147.386319] (-) TimerEvent: {}
[147.489730] (-) TimerEvent: {}
[147.593364] (-) TimerEvent: {}
[147.697349] (-) TimerEvent: {}
[147.800703] (-) TimerEvent: {}
[147.901474] (-) TimerEvent: {}
[148.002316] (-) TimerEvent: {}
[148.103900] (-) TimerEvent: {}
[148.204643] (-) TimerEvent: {}
[148.305730] (-) TimerEvent: {}
[148.406598] (-) TimerEvent: {}
[148.507443] (-) TimerEvent: {}
[148.608291] (-) TimerEvent: {}
[148.709221] (-) TimerEvent: {}
[148.810319] (-) TimerEvent: {}
[148.911990] (-) TimerEvent: {}
[149.013788] (-) TimerEvent: {}
[149.115356] (-) TimerEvent: {}
[149.216343] (-) TimerEvent: {}
[149.317359] (-) TimerEvent: {}
[149.418463] (-) TimerEvent: {}
[149.519517] (-) TimerEvent: {}
[149.620728] (-) TimerEvent: {}
[149.722201] (-) TimerEvent: {}
[149.823033] (-) TimerEvent: {}
[149.924225] (-) TimerEvent: {}
[150.025888] (-) TimerEvent: {}
[150.126764] (-) TimerEvent: {}
[150.227691] (-) TimerEvent: {}
[150.328731] (-) TimerEvent: {}
[150.429664] (-) TimerEvent: {}
[150.530454] (-) TimerEvent: {}
[150.632694] (-) TimerEvent: {}
[150.733862] (-) TimerEvent: {}
[150.835214] (-) TimerEvent: {}
[150.936261] (-) TimerEvent: {}
[151.037210] (-) TimerEvent: {}
[151.138376] (-) TimerEvent: {}
[151.239401] (-) TimerEvent: {}
[151.340269] (-) TimerEvent: {}
[151.441109] (-) TimerEvent: {}
[151.542166] (-) TimerEvent: {}
[151.643564] (-) TimerEvent: {}
[151.744677] (-) TimerEvent: {}
[151.845829] (-) TimerEvent: {}
[151.946662] (-) TimerEvent: {}
[152.047558] (-) TimerEvent: {}
[152.149858] (-) TimerEvent: {}
[152.250738] (-) TimerEvent: {}
[152.351607] (-) TimerEvent: {}
[152.452485] (-) TimerEvent: {}
[152.553353] (-) TimerEvent: {}
[152.654393] (-) TimerEvent: {}
[152.755481] (-) TimerEvent: {}
[152.856722] (-) TimerEvent: {}
[152.957638] (-) TimerEvent: {}
[153.058458] (-) TimerEvent: {}
[153.159911] (-) TimerEvent: {}
[153.260808] (-) TimerEvent: {}
[153.361646] (-) TimerEvent: {}
[153.462519] (-) TimerEvent: {}
[153.563441] (-) TimerEvent: {}
[153.664292] (-) TimerEvent: {}
[153.764963] (-) TimerEvent: {}
[153.865777] (-) TimerEvent: {}
[153.966740] (-) TimerEvent: {}
[154.067685] (-) TimerEvent: {}
[154.168638] (-) TimerEvent: {}
[154.269518] (-) TimerEvent: {}
[154.370744] (-) TimerEvent: {}
[154.471659] (-) TimerEvent: {}
[154.572629] (-) TimerEvent: {}
[154.673745] (-) TimerEvent: {}
[154.774827] (-) TimerEvent: {}
[154.875905] (-) TimerEvent: {}
[154.977725] (-) TimerEvent: {}
[155.078834] (-) TimerEvent: {}
[155.179648] (-) TimerEvent: {}
[155.281206] (-) TimerEvent: {}
[155.382466] (-) TimerEvent: {}
[155.484730] (-) TimerEvent: {}
[155.586005] (-) TimerEvent: {}
[155.686958] (-) TimerEvent: {}
[155.787891] (-) TimerEvent: {}
[155.888813] (-) TimerEvent: {}
[156.002283] (-) TimerEvent: {}
[156.108976] (-) TimerEvent: {}
[156.215305] (-) TimerEvent: {}
[156.278004] (sjtu_drone_description) StdoutLine: {'line': b'[100%] Built target plugin_drone\n'}
[156.315544] (-) TimerEvent: {}
[156.393523] (sjtu_drone_description) CommandEnded: {'returncode': 0}
[156.410544] (sjtu_drone_description) JobProgress: {'identifier': 'sjtu_drone_description', 'progress': 'install'}
[156.416331] (-) TimerEvent: {}
[156.497929] (sjtu_drone_description) Command: {'cmd': ['/usr/bin/cmake', '--install', '/home/user/PPO_drone_Gazebo_ROS2/build/sjtu_drone_description'], 'cwd': '/home/user/PPO_drone_Gazebo_ROS2/build/sjtu_drone_description', 'env': OrderedDict([('LESSOPEN', '| /usr/bin/lesspipe %s'), ('CONDA_PROMPT_MODIFIER', '(base)'), ('GZ_SIM_RESOURCE_PATH', ':/home/user/PX4-Autopilot/Tools/simulation/gz/models:/home/user/PX4-Autopilot/Tools/simulation/gz/worlds:/home/user/PX4-Autopilot/Tools/simulation/gz/models:/home/user/PX4-Autopilot/Tools/simulation/gz/worlds'), ('LANGUAGE', 'en_US:en'), ('USER', 'user'), ('LC_TIME', 'en_US.UTF-8'), ('GZ_CONFIG_PATH', '/opt/ros/jazzy/opt/gz_sim_vendor/share/gz:/opt/ros/jazzy/opt/sdformat_vendor/share/gz:/opt/ros/jazzy/opt/gz_gui_vendor/share/gz:/opt/ros/jazzy/opt/gz_transport_vendor/share/gz:/opt/ros/jazzy/opt/gz_rendering_vendor/share/gz:/opt/ros/jazzy/opt/gz_plugin_vendor/share/gz:/opt/ros/jazzy/opt/gz_fuel_tools_vendor/share/gz:/opt/ros/jazzy/opt/gz_msgs_vendor/share/gz:/opt/ros/jazzy/opt/gz_common_vendor/share/gz'), ('XAUTHLOCALHOSTNAME', ''), ('HOSTNAME', 'ros2-humble.user-GL752VW'), ('XDG_SESSION_TYPE', 'x11'), ('XDG_CACHE_HOME', '/home/user/.cache'), ('CLUTTER_DISABLE_MIPMAPPED_TEXT', '1'), ('SHLVL', '2'), ('LD_LIBRARY_PATH', '/home/user/PPO_drone_Gazebo_ROS2/install/sjtu_drone_description/lib:/usr/lib/x86_64-linux-gnu/gazebo-11/plugins:/opt/ros/humble/opt/rviz_ogre_vendor/lib:/opt/ros/humble/lib/x86_64-linux-gnu:/opt/ros/humble/lib:/opt/ros/jazzy/opt/gz_sim_vendor/lib:/opt/ros/jazzy/opt/gz_sensors_vendor/lib:/opt/ros/jazzy/opt/gz_physics_vendor/lib:/opt/ros/jazzy/opt/sdformat_vendor/lib:/opt/ros/jazzy/opt/rviz_ogre_vendor/lib:/opt/ros/jazzy/lib/x86_64-linux-gnu:/opt/ros/jazzy/opt/gz_gui_vendor/lib:/opt/ros/jazzy/opt/gz_transport_vendor/lib:/opt/ros/jazzy/opt/gz_rendering_vendor/lib:/opt/ros/jazzy/opt/gz_plugin_vendor/lib:/opt/ros/jazzy/opt/gz_fuel_tools_vendor/lib:/opt/ros/jazzy/opt/gz_msgs_vendor/lib:/opt/ros/jazzy/opt/gz_common_vendor/lib:/opt/ros/jazzy/opt/gz_math_vendor/lib:/opt/ros/jazzy/opt/gz_utils_vendor/lib:/opt/ros/jazzy/opt/gz_tools_vendor/lib:/opt/ros/jazzy/opt/gz_ogre_next_vendor/lib:/opt/ros/jazzy/opt/gz_dartsim_vendor/lib:/opt/ros/jazzy/opt/gz_cmake_vendor/lib:/opt/ros/jazzy/lib'), ('HOME', '/home/user'), ('CONDA_SHLVL', '1'), ('DESKTOP_SESSION', 'ubuntu'), ('ROS_PYTHON_VERSION', '3'), ('GNOME_SHELL_SESSION_MODE', 'ubuntu'), ('GTK_MODULES', 'gail:atk-bridge'), ('LC_MONETARY', 'en_US.UTF-8'), ('DISTROBOX_ENTER_PATH', '/usr/bin/distrobox-enter'), ('SYSTEMD_EXEC_PID', '3013'), ('GSM_SKIP_SSH_AGENT_WORKAROUND', 'true'), ('XDG_STATE_HOME', '/home/user/.local/state'), ('DBUS_SESSION_BUS_ADDRESS', 'unix:path=/run/user/1000/bus'), ('COLORTERM', 'truecolor'), ('_CE_M', ''), ('container', 'podman'), ('_CONDA_ROOT', '/home/user/miniconda3'), ('COLCON_PREFIX_PATH', '/home/user/PPO_drone_Gazebo_ROS2/install'), ('ROS_DISTRO', 'humble'), ('GTK_IM_MODULE', 'fcitx'), ('LOGNAME', 'user'), ('_', '/usr/bin/colcon'), ('ROS_VERSION', '2'), ('MEMORY_PRESSURE_WATCH', '/sys/fs/cgroup/user.slice/user-1000.slice/user@1000.service/session.slice/org.gnome.Shell@x11.service/memory.pressure'), ('XDG_SESSION_CLASS', 'user'), ('TERMINFO_DIRS', '/usr/share/terminfo:/run/host/usr/share/terminfo'), ('USERNAME', 'user'), ('TERM', 'xterm-256color'), ('GNOME_DESKTOP_SESSION_ID', 'this-is-deprecated'), ('_CE_CONDA', ''), ('ROS_LOCALHOST_ONLY', '0'), ('WINDOWPATH', '2'), ('PATH', '/home/user/.local/bin:/opt/ros/humble/bin:/opt/ros/jazzy/opt/gz_msgs_vendor/bin:/opt/ros/jazzy/opt/gz_tools_vendor/bin:/opt/ros/jazzy/opt/gz_ogre_next_vendor/bin:/opt/ros/jazzy/bin:/home/user/miniconda3/bin:/home/user/miniconda3/condabin:/home/user/.local/bin:/usr/local/sbin:/usr/local/bin:/usr/sbin:/usr/bin:/sbin:/bin:/usr/games:/usr/local/games:/snap/bin:/snap/bin:/home/user/.local/bin:/home/user/.local/bin:/opt/xtensa-esp-elf/bin:/opt/xtensa-esp-elf/bin:/usr/local/sbin:/usr/local/bin:/usr/sbin:/usr/bin:/sbin:/bin:/home/user/.local/bin:/opt/xtensa-esp-elf/bin/:/opt/xtensa-esp-elf/bin/:/home/user/.local/bin'), ('SESSION_MANAGER', 'local/user-GL752VW:@/tmp/.ICE-unix/2957,unix/user-GL752VW:/tmp/.ICE-unix/2957'), ('PAPERSIZE', 'letter'), ('XDG_MENU_PREFIX', 'gnome-'), ('LC_ADDRESS', 'en_US.UTF-8'), ('GNOME_TERMINAL_SCREEN', '/org/gnome/Terminal/screen/9e9307b5_1fb7_43ed_859c_b957e82b0edd'), ('XDG_RUNTIME_DIR', '/run/user/1000'), ('MAMBA_ROOT_PREFIX', '/home/user/micromamba'), ('DISPLAY', ':1'), ('LANG', 'en_US.UTF-8'), ('XDG_CURRENT_DESKTOP', 'ubuntu:GNOME'), ('LC_TELEPHONE', 'en_US.UTF-8'), ('XDG_DATA_HOME', '/home/user/.local/share'), ('XDG_CONFIG_HOME', '/home/user/.config'), ('XMODIFIERS', '@im=fcitx'), ('XDG_SESSION_DESKTOP', 'ubuntu'), ('XAUTHORITY', '/run/user/1000/gdm/Xauthority'), ('LS_COLORS', 'rs=0:di=01;34:ln=01;36:mh=00:pi=40;33:so=01;35:do=01;35:bd=40;33;01:cd=40;33;01:or=40;31;01:mi=00:su=37;41:sg=30;43:ca=30;41:tw=30;42:ow=34;42:st=37;44:ex=01;32:*.tar=01;31:*.tgz=01;31:*.arc=01;31:*.arj=01;31:*.taz=01;31:*.lha=01;31:*.lz4=01;31:*.lzh=01;31:*.lzma=01;31:*.tlz=01;31:*.txz=01;31:*.tzo=01;31:*.t7z=01;31:*.zip=01;31:*.z=01;31:*.dz=01;31:*.gz=01;31:*.lrz=01;31:*.lz=01;31:*.lzo=01;31:*.xz=01;31:*.zst=01;31:*.tzst=01;31:*.bz2=01;31:*.bz=01;31:*.tbz=01;31:*.tbz2=01;31:*.tz=01;31:*.deb=01;31:*.rpm=01;31:*.jar=01;31:*.war=01;31:*.ear=01;31:*.sar=01;31:*.rar=01;31:*.alz=01;31:*.ace=01;31:*.zoo=01;31:*.cpio=01;31:*.7z=01;31:*.rz=01;31:*.cab=01;31:*.wim=01;31:*.swm=01;31:*.dwm=01;31:*.esd=01;31:*.jpg=01;35:*.jpeg=01;35:*.mjpg=01;35:*.mjpeg=01;35:*.gif=01;35:*.bmp=01;35:*.pbm=01;35:*.pgm=01;35:*.ppm=01;35:*.tga=01;35:*.xbm=01;35:*.xpm=01;35:*.tif=01;35:*.tiff=01;35:*.png=01;35:*.svg=01;35:*.svgz=01;35:*.mng=01;35:*.pcx=01;35:*.mov=01;35:*.mpg=01;35:*.mpeg=01;35:*.m2v=01;35:*.mkv=01;35:*.webm=01;35:*.webp=01;35:*.ogm=01;35:*.mp4=01;35:*.m4v=01;35:*.mp4v=01;35:*.vob=01;35:*.qt=01;35:*.nuv=01;35:*.wmv=01;35:*.asf=01;35:*.rm=01;35:*.rmvb=01;35:*.flc=01;35:*.avi=01;35:*.fli=01;35:*.flv=01;35:*.gl=01;35:*.dl=01;35:*.xcf=01;35:*.xwd=01;35:*.yuv=01;35:*.cgm=01;35:*.emf=01;35:*.ogv=01;35:*.ogx=01;35:*.aac=00;36:*.au=00;36:*.flac=00;36:*.m4a=00;36:*.mid=00;36:*.midi=00;36:*.mka=00;36:*.mp3=00;36:*.mpc=00;36:*.ogg=00;36:*.ra=00;36:*.wav=00;36:*.oga=00;36:*.opus=00;36:*.spx=00;36:*.xspf=00;36:'), ('GNOME_TERMINAL_SERVICE', ':1.109'), ('SSH_AUTH_SOCK', '/run/user/1000/keyring/ssh'), ('AMENT_PREFIX_PATH', '/home/user/PPO_drone_Gazebo_ROS2/install/sjtu_drone_description:/home/user/PPO_drone_Gazebo_ROS2/install/sjtu_drone_control:/home/user/PPO_drone_Gazebo_ROS2/install/sjtu_drone_bringup:/home/user/PPO_drone_Gazebo_ROS2/install/mml_guidance:/home/user/PPO_drone_Gazebo_ROS2/install/drive_drone:/opt/ros/humble:/opt/ros/jazzy'), ('CONDA_PYTHON_EXE', '/home/user/miniconda3/bin/python'), ('SHELL', '/usr/bin/bash'), ('LC_NAME', 'en_US.UTF-8'), ('QT_ACCESSIBILITY', '1'), ('GDMSESSION', 'ubuntu'), ('LESSCLOSE', '/usr/bin/lesspipe %s %s'), ('CONDA_DEFAULT_ENV', 'base'), ('LC_MEASUREMENT', 'en_US.UTF-8'), ('GPG_AGENT_INFO', '/run/user/1000/gnupg/S.gpg-agent:0:1'), ('_CONDA_EXE', '/home/user/miniconda3/bin/conda'), ('MAMBA_EXE', '/home/user/.local/bin/micromamba'), ('LC_IDENTIFICATION', 'en_US.UTF-8'), ('ROS_AUTOMATIC_DISCOVERY_RANGE', 'SUBNET'), ('QT_IM_MODULE', 'fcitx'), ('PWD', '/home/user/PPO_drone_Gazebo_ROS2/build/sjtu_drone_description'), ('CONTAINER_ID', 'ros2-humble'), ('TURTLEBOT3_MODEL', 'burger'), ('LC_ALL', 'en_US.UTF-8'), ('XDG_CONFIG_DIRS', '/etc/xdg/xdg-ubuntu:/etc/xdg'), ('CONDA_EXE', '/home/user/miniconda3/bin/conda'), ('XDG_DATA_DIRS', '/usr/share/ubuntu:/usr/share/gnome:/usr/local/share/:/usr/share/:/var/lib/snapd/desktop:/usr/local/share:/usr/share'), ('QTWEBENGINE_DICTIONARIES_PATH', '/usr/share/hunspell-bdic/'), ('PYTHONPATH', '/home/user/PPO_drone_Gazebo_ROS2/install/sjtu_drone_control/lib/python3.10/site-packages:/home/user/PPO_drone_Gazebo_ROS2/install/sjtu_drone_bringup/lib/python3.10/site-packages:/home/user/PPO_drone_Gazebo_ROS2/build/mml_guidance:/home/user/PPO_drone_Gazebo_ROS2/install/mml_guidance/lib/python3.10/site-packages:/opt/ros/humble/lib/python3.10/site-packages:/opt/ros/humble/local/lib/python3.10/dist-packages:/opt/ros/jazzy/lib/python3.12/site-packages'), ('LC_NUMERIC', 'en_US.UTF-8'), ('CONDA_PREFIX', '/home/user/miniconda3'), ('LC_PAPER', 'en_US.UTF-8'), ('COLCON', '1'), ('MEMORY_PRESSURE_WRITE', 'c29tZSAyMDAwMDAgMjAwMDAwMAA='), ('VTE_VERSION', '7600'), ('CMAKE_PREFIX_PATH', '/home/user/PPO_drone_Gazebo_ROS2/install/sjtu_drone_description:/home/user/PPO_drone_Gazebo_ROS2/install/drive_drone:/opt/ros/jazzy/opt/gz_sim_vendor:/opt/ros/jazzy/opt/gz_sensors_vendor:/opt/ros/jazzy/opt/gz_physics_vendor:/opt/ros/jazzy/opt/sdformat_vendor:/opt/ros/jazzy/opt/gz_gui_vendor:/opt/ros/jazzy/opt/gz_transport_vendor:/opt/ros/jazzy/opt/gz_rendering_vendor:/opt/ros/jazzy/opt/gz_plugin_vendor:/opt/ros/jazzy/opt/gz_fuel_tools_vendor:/opt/ros/jazzy/opt/gz_msgs_vendor:/opt/ros/jazzy/opt/gz_common_vendor:/opt/ros/jazzy/opt/gz_math_vendor:/opt/ros/jazzy/opt/gz_utils_vendor:/opt/ros/jazzy/opt/gz_tools_vendor:/opt/ros/jazzy/opt/gz_ogre_next_vendor:/opt/ros/jazzy/opt/gz_dartsim_vendor:/opt/ros/jazzy/opt/gz_cmake_vendor:/home/user/PPO_drone_Gazebo_ROS2/install/sjtu_drone_control:/home/user/PPO_drone_Gazebo_ROS2/install/sjtu_drone_bringup:/home/user/PPO_drone_Gazebo_ROS2/install/mml_guidance:/opt/ros/humble:/opt/ros/jazzy')]), 'shell': False}
[156.516536] (-) TimerEvent: {}
[156.548118] (sjtu_drone_description) StdoutLine: {'line': b'-- Install configuration: ""\n'}
[156.551748] (sjtu_drone_description) StdoutLine: {'line': b'-- Execute custom install script\n'}
[156.559687] (sjtu_drone_description) StdoutLine: {'line': b'-- Up-to-date symlink: /home/user/PPO_drone_Gazebo_ROS2/install/sjtu_drone_description/include/sjtu_drone_description/pid_controller.h\n'}
[156.560789] (sjtu_drone_description) StdoutLine: {'line': b'-- Up-to-date symlink: /home/user/PPO_drone_Gazebo_ROS2/install/sjtu_drone_description/include/sjtu_drone_description/plugin_drone.h\n'}
[156.562884] (sjtu_drone_description) StdoutLine: {'line': b'-- Up-to-date symlink: /home/user/PPO_drone_Gazebo_ROS2/install/sjtu_drone_description/include/sjtu_drone_description/plugin_drone_private.h\n'}
[156.564353] (sjtu_drone_description) StdoutLine: {'line': b'-- Up-to-date symlink: /home/user/PPO_drone_Gazebo_ROS2/install/sjtu_drone_description/share/sjtu_drone_description/environment/library_path.sh\n'}
[156.565755] (sjtu_drone_description) StdoutLine: {'line': b'-- Up-to-date symlink: /home/user/PPO_drone_Gazebo_ROS2/install/sjtu_drone_description/share/sjtu_drone_description/environment/library_path.dsv\n'}
[156.566710] (sjtu_drone_description) StdoutLine: {'line': b'-- Up-to-date symlink: /home/user/PPO_drone_Gazebo_ROS2/install/sjtu_drone_description/share/sjtu_drone_description/models/database.config\n'}
[156.568583] (sjtu_drone_description) StdoutLine: {'line': b'-- Up-to-date symlink: /home/user/PPO_drone_Gazebo_ROS2/install/sjtu_drone_description/share/sjtu_drone_description/models/sjtu_drone/model.config\n'}
[156.569622] (sjtu_drone_description) StdoutLine: {'line': b'-- Up-to-date symlink: /home/user/PPO_drone_Gazebo_ROS2/install/sjtu_drone_description/share/sjtu_drone_description/models/sjtu_drone/quadrotor_4.dae\n'}
[156.570677] (sjtu_drone_description) StdoutLine: {'line': b'-- Up-to-date symlink: /home/user/PPO_drone_Gazebo_ROS2/install/sjtu_drone_description/share/sjtu_drone_description/models/sjtu_drone/quadrotor_4.stl\n'}
[156.571728] (sjtu_drone_description) StdoutLine: {'line': b'-- Up-to-date symlink: /home/user/PPO_drone_Gazebo_ROS2/install/sjtu_drone_description/share/sjtu_drone_description/models/sjtu_drone/sjtu_drone.sdf\n'}
[156.574474] (sjtu_drone_description) StdoutLine: {'line': b'-- Up-to-date symlink: /home/user/PPO_drone_Gazebo_ROS2/install/sjtu_drone_description/share/sjtu_drone_description/urdf/sjtu_drone.urdf\n'}
[156.575722] (sjtu_drone_description) StdoutLine: {'line': b'-- Up-to-date symlink: /home/user/PPO_drone_Gazebo_ROS2/install/sjtu_drone_description/share/sjtu_drone_description/urdf/sjtu_drone.urdf.xacro\n'}
[156.577275] (sjtu_drone_description) StdoutLine: {'line': b'-- Up-to-date symlink: /home/user/PPO_drone_Gazebo_ROS2/install/sjtu_drone_description/share/sjtu_drone_description/worlds/playground.world\n'}
[156.579427] (sjtu_drone_description) StdoutLine: {'line': b'-- Up-to-date symlink: /home/user/PPO_drone_Gazebo_ROS2/install/sjtu_drone_description/share/ament_index/resource_index/package_run_dependencies/sjtu_drone_description\n'}
[156.580952] (sjtu_drone_description) StdoutLine: {'line': b'-- Up-to-date symlink: /home/user/PPO_drone_Gazebo_ROS2/install/sjtu_drone_description/share/ament_index/resource_index/parent_prefix_path/sjtu_drone_description\n'}
[156.582763] (sjtu_drone_description) StdoutLine: {'line': b'-- Up-to-date symlink: /home/user/PPO_drone_Gazebo_ROS2/install/sjtu_drone_description/share/sjtu_drone_description/environment/ament_prefix_path.sh\n'}
[156.584407] (sjtu_drone_description) StdoutLine: {'line': b'-- Up-to-date symlink: /home/user/PPO_drone_Gazebo_ROS2/install/sjtu_drone_description/share/sjtu_drone_description/environment/ament_prefix_path.dsv\n'}
[156.586071] (sjtu_drone_description) StdoutLine: {'line': b'-- Up-to-date symlink: /home/user/PPO_drone_Gazebo_ROS2/install/sjtu_drone_description/share/sjtu_drone_description/environment/path.sh\n'}
[156.587911] (sjtu_drone_description) StdoutLine: {'line': b'-- Up-to-date symlink: /home/user/PPO_drone_Gazebo_ROS2/install/sjtu_drone_description/share/sjtu_drone_description/environment/path.dsv\n'}
[156.590040] (sjtu_drone_description) StdoutLine: {'line': b'-- Up-to-date symlink: /home/user/PPO_drone_Gazebo_ROS2/install/sjtu_drone_description/share/sjtu_drone_description/local_setup.bash\n'}
[156.592467] (sjtu_drone_description) StdoutLine: {'line': b'-- Up-to-date symlink: /home/user/PPO_drone_Gazebo_ROS2/install/sjtu_drone_description/share/sjtu_drone_description/local_setup.sh\n'}
[156.593726] (sjtu_drone_description) StdoutLine: {'line': b'-- Up-to-date symlink: /home/user/PPO_drone_Gazebo_ROS2/install/sjtu_drone_description/share/sjtu_drone_description/local_setup.zsh\n'}
[156.595200] (sjtu_drone_description) StdoutLine: {'line': b'-- Up-to-date symlink: /home/user/PPO_drone_Gazebo_ROS2/install/sjtu_drone_description/share/sjtu_drone_description/local_setup.dsv\n'}
[156.596292] (sjtu_drone_description) StdoutLine: {'line': b'-- Symlinking: /home/user/PPO_drone_Gazebo_ROS2/install/sjtu_drone_description/share/sjtu_drone_description/package.dsv\n'}
[156.616732] (-) TimerEvent: {}
[156.660515] (sjtu_drone_description) StdoutLine: {'line': b'-- Up-to-date symlink: /home/user/PPO_drone_Gazebo_ROS2/install/sjtu_drone_description/share/ament_index/resource_index/packages/sjtu_drone_description\n'}
[156.664661] (sjtu_drone_description) StdoutLine: {'line': b'-- Up-to-date symlink: /home/user/PPO_drone_Gazebo_ROS2/install/sjtu_drone_description/share/sjtu_drone_description/cmake/ament_cmake_export_include_directories-extras.cmake\n'}
[156.666203] (sjtu_drone_description) StdoutLine: {'line': b'-- Up-to-date symlink: /home/user/PPO_drone_Gazebo_ROS2/install/sjtu_drone_description/share/sjtu_drone_description/cmake/ament_cmake_export_libraries-extras.cmake\n'}
[156.667312] (sjtu_drone_description) StdoutLine: {'line': b'-- Up-to-date symlink: /home/user/PPO_drone_Gazebo_ROS2/install/sjtu_drone_description/share/sjtu_drone_description/cmake/ament_cmake_export_targets-extras.cmake\n'}
[156.672122] (sjtu_drone_description) StdoutLine: {'line': b'-- Up-to-date symlink: /home/user/PPO_drone_Gazebo_ROS2/install/sjtu_drone_description/share/sjtu_drone_description/cmake/sjtu_drone_descriptionConfig.cmake\n'}
[156.673109] (sjtu_drone_description) StdoutLine: {'line': b'-- Up-to-date symlink: /home/user/PPO_drone_Gazebo_ROS2/install/sjtu_drone_description/share/sjtu_drone_description/cmake/sjtu_drone_descriptionConfig-version.cmake\n'}
[156.676813] (sjtu_drone_description) StdoutLine: {'line': b'-- Up-to-date symlink: /home/user/PPO_drone_Gazebo_ROS2/install/sjtu_drone_description/share/sjtu_drone_description/package.xml\n'}
[156.688380] (sjtu_drone_description) StdoutLine: {'line': b'-- Installing: /home/user/PPO_drone_Gazebo_ROS2/install/sjtu_drone_description/lib/libplugin_drone.so\n'}
[156.716957] (-) TimerEvent: {}
[156.819191] (-) TimerEvent: {}
[156.853889] (sjtu_drone_description) StdoutLine: {'line': b'-- Set runtime path of "/home/user/PPO_drone_Gazebo_ROS2/install/sjtu_drone_description/lib/libplugin_drone.so" to ""\n'}
[156.860920] (sjtu_drone_description) StdoutLine: {'line': b'-- Up-to-date: /home/user/PPO_drone_Gazebo_ROS2/install/sjtu_drone_description/share/sjtu_drone_description/cmake/export_sjtu_drone_descriptionExport.cmake\n'}
[156.862298] (sjtu_drone_description) StdoutLine: {'line': b'-- Up-to-date: /home/user/PPO_drone_Gazebo_ROS2/install/sjtu_drone_description/share/sjtu_drone_description/cmake/export_sjtu_drone_descriptionExport-noconfig.cmake\n'}
[156.870783] (sjtu_drone_description) CommandEnded: {'returncode': 0}
[156.922725] (-) TimerEvent: {}
[157.023428] (sjtu_drone_description) JobEnded: {'identifier': 'sjtu_drone_description', 'rc': 0}
[157.027917] (-) TimerEvent: {}
[157.028582] (-) EventReactorShutdown: {}
